regionname,city,incr_per,date,incr_type,year,month_date_yyyymm,postal_code,zip_name,active_listing_count_yy,median_days_on_market_yy,new_listing_count_yy,pending_ratio_yy,year-2
94109,San Francisco,0.011728145,202008,Stable_Incr,2020,202007,94109,"san francisco, ca",0.7536,-0.0118,0.5,-0.2405,2020
94565,Pittsburg,0.029679879,202008,Stable_Incr,2020,NULL,NULL,NULL,NULL,NULL,NULL,NULL,NULL
94501,Alameda,0.036315272,202008,Small_Incr,2020,202007,94501,"alameda, ca",-0.2143,0.0909,-0.3333,0.5931,2020
94110,San Francisco,0.016571582,202008,Stable_Incr,2020,NULL,NULL,NULL,NULL,NULL,NULL,NULL,NULL
94558,Napa,0.021611974,202008,Stable_Incr,2020,202007,94558,"napa, ca",-0.2304,-0.0571,0,0.2472,2020
94533,Fairfield,0.024796073,202008,Stable_Incr,2020,NULL,NULL,NULL,NULL,NULL,NULL,NULL,NULL
94536,Fremont,0.010590529,202008,Stable_Incr,2020,202007,94536,"fremont, ca",-0.562,-0.1905,-0.1667,0.7942,2020
95035,Milpitas,0.108589521,202008,Huge_Incr,2020,202007,95035,"milpitas, ca",-0.4862,-0.3235,-0.1765,0.2946,2020
94544,Hayward,0.039236322,202008,Small_Incr,2020,202007,94544,"hayward, ca",-0.4634,0.3906,-0.5294,0.9989,2020
94568,Dublin,0.014150735,202008,Stable_Incr,2020,202007,94568,"dublin, ca",-0.3881,-0.0517,0.1364,0.9341,2020
94509,Antioch,0.037161021,202008,Small_Incr,2020,NULL,NULL,NULL,NULL,NULL,NULL,NULL,NULL
94122,San Francisco,-0.002861157,202008,Small_Decr,2020,202007,94122,"san francisco, ca",0.3158,-0.1563,1.5,-0.0442,2020
94541,Hayward,0.045222356,202008,Small_Incr,2020,202007,94541,"hayward, ca",-0.5926,0.2097,-0.2,1.0887,2020
94538,Fremont,0.025252847,202008,Stable_Incr,2020,202007,94538,"fremont, ca",-0.3786,0.2286,-0.2941,0.2051,2020
94513,Brentwood,0.027474379,202008,Stable_Incr,2020,NULL,NULL,NULL,NULL,NULL,NULL,NULL,NULL
94587,Union City,0.024063777,202008,Stable_Incr,2020,202007,94587,"union city, ca",-0.6481,-0.1429,-0.6316,0.7909,2020
94080,South San Francisco,0.05245136,202008,Moderate_Incr,2020,202007,94080,"south san francisco, ca",0.0811,-0.1964,-0.0833,-0.0351,2020
94112,San Francisco,0.041542875,202008,Small_Incr,2020,202007,94112,"san francisco, ca",-0.1556,0.3939,0,0.1854,2020
94087,Sunnyvale,0.04773619,202008,Small_Incr,2020,202007,94087,"sunnyvale, ca",-0.069,-0.4667,1,0.6117,2020
94086,Sunnyvale,0.106983705,202008,Huge_Incr,2020,202007,94086,"sunnyvale, ca",-0.25,-0.0333,-0.1429,0.2143,2020
94806,San Pablo,0.042725441,202008,Small_Incr,2020,202007,94806,"san pablo, ca",-0.3333,-0.4884,-0.1111,0.8095,2020
94591,Vallejo,0.025434248,202008,Stable_Incr,2020,NULL,NULL,NULL,NULL,NULL,NULL,NULL,NULL
94553,Martinez,0.048892784,202008,Small_Incr,2020,202007,94553,"martinez, ca",-0.3651,-0.1579,0,0.7956,2020
94015,Daly City,0.072063952,202008,High_Incr,2020,202007,94015,"daly city, ca",0.4333,0.6471,-0.25,-0.4837,2020
94115,San Francisco,0.006423381,202008,Stable_Incr,2020,NULL,NULL,NULL,NULL,NULL,NULL,NULL,NULL
94117,San Francisco,0.000253415,202008,Stable_Incr,2020,NULL,NULL,NULL,NULL,NULL,NULL,NULL,NULL
94102,San Francisco,0.007777853,202008,Stable_Incr,2020,NULL,NULL,NULL,NULL,NULL,NULL,NULL,NULL
94121,San Francisco,-0.000636901,202008,Small_Decr,2020,202007,94121,"san francisco, ca",0.5789,-0.1563,0.75,0.1842,2020
94611,Oakland,0.030503445,202008,Small_Incr,2020,202007,94611,"oakland, ca",-0.0333,-0.1159,0,-0.0379,2020
94550,Livermore,0.030204307,202008,Small_Incr,2020,NULL,NULL,NULL,NULL,NULL,NULL,NULL,NULL
94577,San Leandro,0.04957085,202008,Small_Incr,2020,202007,94577,"san leandro, ca",-0.129,-0.1429,-0.4,0.4313,2020
94118,San Francisco,-0.018268244,202008,Small_Decr,2020,202007,94118,"san francisco, ca",0.7222,-0.25,1.3333,0.0341,2020
94546,Castro Valley,0.047675046,202008,Small_Incr,2020,202007,94546,"castro valley, ca",-0.3043,0.1754,0,0.8696,2020
94403,San Mateo,0.01774791,202008,Stable_Incr,2020,202007,94403,"san mateo, ca",-0.0263,-0.05,0.6,0.0768,2020
94103,San Francisco,-0.011867772,202008,Small_Decr,2020,NULL,NULL,NULL,NULL,NULL,NULL,NULL,NULL
94590,Vallejo,0.017514726,202008,Stable_Incr,2020,202007,94590,"vallejo, ca",-0.102,-0.2297,0,0.66,2020
94114,San Francisco,0.031613015,202008,Small_Incr,2020,NULL,NULL,NULL,NULL,NULL,NULL,NULL,NULL
94107,San Francisco,-0.001648232,202008,Small_Decr,2020,NULL,NULL,NULL,NULL,NULL,NULL,NULL,NULL
94539,Fremont,0.01742897,202008,Stable_Incr,2020,202007,94539,"fremont, ca",-0.0971,-0.125,0.3333,0.3249,2020
94010,Burlingame,0.023425173,202008,Stable_Incr,2020,202007,94010,"burlingame, ca",-0.1781,-0.1042,0,0.0902,2020
94566,Pleasanton,0.004696399,202008,Stable_Incr,2020,NULL,NULL,NULL,NULL,NULL,NULL,NULL,NULL
94605,Oakland,0.050432484,202008,Moderate_Incr,2020,202007,94605,"oakland, ca",0.0313,0.3478,-0.3684,0.1023,2020
94066,San Bruno,0.01710724,202008,Stable_Incr,2020,202007,94066,"san bruno, ca",0.7143,-0.2609,0.375,-0.2262,2020
94601,Oakland,0.068526905,202008,Moderate_Incr,2020,202007,94601,"oakland, ca",-0.0286,0.1127,0,0.1723,2020
94610,Oakland,0.041987852,202008,Small_Incr,2020,202007,94610,"oakland, ca",0.8947,0.3721,1,-0.2091,2020
94025,Menlo Park,-0.002824295,202008,Small_Decr,2020,202007,94025,"menlo park, ca",0.2794,-0.1429,0.3333,-0.0113,2020
95476,Sonoma,0.007910614,202008,Stable_Incr,2020,202007,95476,"sonoma, ca",-0.2388,-0.2435,0.3,0.4087,2020
94901,San Rafael,0.05248053,202008,Moderate_Incr,2020,NULL,NULL,NULL,NULL,NULL,NULL,NULL,NULL
94606,Oakland,0.045898268,202008,Small_Incr,2020,202007,94606,"oakland, ca",-0.3462,0.0233,1,0.4186,2020
94040,Mountain View,0.103878415,202008,Huge_Incr,2020,202007,94040,"mountain view, ca",0.7,-0.1333,1.6667,-0.4441,2020
94608,Oakland,0.062625949,202008,Moderate_Incr,2020,202007,94608,"emeryville, ca",0.3878,0.2833,0.4444,-0.3604,2020
94404,Foster City,0.020332579,202008,Stable_Incr,2020,202007,94404,"san mateo, ca",0.1026,-0.3587,0.25,-0.1556,2020
94116,San Francisco,-0.014676526,202008,Small_Decr,2020,202007,94116,"san francisco, ca",-0.2593,-0.1833,0,-0.0037,2020
94804,Richmond,0.038541188,202008,Small_Incr,2020,202007,94804,"richmond, ca",-0.4516,-0.2813,-0.2,0.8169,2020
94560,Newark,0.018270348,202008,Stable_Incr,2020,202007,94560,"newark, ca",-0.5,-0.2131,0.1667,0.4474,2020
94578,San Leandro,0.05360534,202008,Moderate_Incr,2020,202007,94578,"san leandro, ca",-0.2941,0.5625,-0.4286,0.0539,2020
94044,Pacifica,0.030702088,202008,Small_Incr,2020,202007,94044,"pacifica, ca",-0.3429,0.1622,0.1,0.5516,2020
94123,San Francisco,-0.022482308,202008,Small_Decr,2020,NULL,NULL,NULL,NULL,NULL,NULL,NULL,NULL
94523,Pleasant Hill,0.04885932,202008,Small_Incr,2020,NULL,NULL,NULL,NULL,NULL,NULL,NULL,NULL
94303,Palo Alto,0.034000501,202008,Small_Incr,2020,202007,94303,"palo alto, ca",0.2564,0.1111,0.2,-0.023,2020
94583,San Ramon,0.021485586,202008,Stable_Incr,2020,202007,94583,"san ramon, ca",-0.4815,-0.4583,0.3636,0.8404,2020
94954,Petaluma,0.011153681,202008,Stable_Incr,2020,202007,94954,"petaluma, ca",-0.475,0.1791,-0.5714,0.8762,2020
94531,Antioch,0.017485728,202008,Stable_Incr,2020,NULL,NULL,NULL,NULL,NULL,NULL,NULL,NULL
94561,Oakley,0.022451158,202008,Stable_Incr,2020,NULL,NULL,NULL,NULL,NULL,NULL,NULL,NULL
95134,San Jose,0.095266978,202008,High_Incr,2020,NULL,NULL,NULL,NULL,NULL,NULL,NULL,NULL
94061,Redwood City,0.003139431,202008,Stable_Incr,2020,202007,94061,"redwood city, ca",1,-0.0141,1.25,-0.7826,2020
94401,San Mateo,0.005611987,202008,Stable_Incr,2020,202007,94401,"san mateo, ca",0.303,-0.4111,0.6,-0.3228,2020
94043,Mountain View,0.090626212,202008,High_Incr,2020,202007,94043,"mountain view, ca",0.1622,0.1702,0,0.0025,2020
94131,San Francisco,0.027649918,202008,Stable_Incr,2020,NULL,NULL,NULL,NULL,NULL,NULL,NULL,NULL
94014,Daly City,-0.008512912,202008,Small_Decr,2020,202007,94014,"daly city, ca",0.3913,-0.0678,1.3333,-0.3668,2020
94520,Concord,0.062687693,202008,Moderate_Incr,2020,202007,94520,"concord, ca",-0.7059,-0.6176,-0.5,1.4353,2020
94133,San Francisco,0.011376848,202008,Stable_Incr,2020,202007,94133,"san francisco, ca",0.5161,0.236,0.6667,-0.0769,2020
94941,Mill Valley,0.065150502,202008,Moderate_Incr,2020,NULL,NULL,NULL,NULL,NULL,NULL,NULL,NULL
94526,Danville,0.045463722,202008,Small_Incr,2020,NULL,NULL,NULL,NULL,NULL,NULL,NULL,NULL
94588,Pleasanton,0.008444117,202008,Stable_Incr,2020,202007,94588,"pleasanton, ca",-0.3906,0.0862,-0.3077,0.103,2020
94070,San Carlos,0.020082641,202008,Stable_Incr,2020,202007,94070,"san carlos, ca",0.5556,-0.2131,1,0.1693,2020
94903,San Rafael,0.073376597,202008,High_Incr,2020,202007,94903,"san rafael, ca",-0.2308,-0.1798,1,0.3481,2020
94602,Oakland,0.045470099,202008,Small_Incr,2020,202007,94602,"oakland, ca",-0.2,0.5333,0,-0.0214,2020
94063,Redwood City,-0.001831036,202008,Small_Decr,2020,202007,94063,"redwood city, ca",1.2,0.1404,0,-0.3545,2020
94306,Palo Alto,0.108743756,202008,Huge_Incr,2020,202007,94306,"palo alto, ca",0.5,0.2254,-0.4,-0.0833,2020
94510,Benicia,0.014187499,202008,Stable_Incr,2020,NULL,NULL,NULL,NULL,NULL,NULL,NULL,NULL
94607,Oakland,0.049843827,202008,Small_Incr,2020,202007,94607,"oakland, ca",0.6216,0.0323,0.25,-0.4356,2020
94555,Fremont,-0.009190745,202008,Small_Decr,2020,202007,94555,"fremont, ca",-0.25,0.1311,0,0.3077,2020
94134,San Francisco,0.033991983,202008,Small_Incr,2020,202007,94134,"san francisco, ca",-0.0909,0.2364,-0.2857,0.05,2020
94530,El Cerrito,0.081812504,202008,High_Incr,2020,NULL,NULL,NULL,NULL,NULL,NULL,NULL,NULL
94549,Lafayette,0.048258043,202008,Small_Incr,2020,202007,94549,"lafayette, ca",-0.1228,0.2836,0.2222,0.1832,2020
94002,Belmont,0.027898963,202008,Stable_Incr,2020,202007,94002,"belmont, ca",0.25,-0.0556,0,-0.1833,2020
94596,Walnut Creek,-0.014082272,202008,Small_Decr,2020,202007,94596,"walnut creek, ca",0.4545,0.0308,-0.2222,-0.2599,2020
94559,Napa,0.037417542,202008,Small_Incr,2020,202007,94559,"napa, ca",-0.3188,0.1856,-0.4,0.4064,2020
94124,San Francisco,0.043493541,202008,Small_Incr,2020,202007,94124,"san francisco, ca",0.0476,-0.1653,0.5,-0.1991,2020
94132,San Francisco,0.005406034,202008,Stable_Incr,2020,202007,94132,"san francisco, ca",1.4,0.7857,0.6667,-0.625,2020
94598,Walnut Creek,0.061922067,202008,Moderate_Incr,2020,202007,94598,"walnut creek, ca",-0.3043,-0.3448,-0.2,0.4022,2020
94609,Oakland,0.081383431,202008,High_Incr,2020,202007,94609,"oakland, ca",0.4,0.069,1,0.1429,2020
94402,San Mateo,0.024946288,202008,Stable_Incr,2020,202007,94402,"san mateo, ca",-0.3214,0.3056,0.3333,0.6241,2020
94545,Hayward,0.033391004,202008,Small_Incr,2020,202007,94545,"hayward, ca",-0.6579,-0.1148,0,2.2126,2020
94062,Redwood City,0.027185246,202008,Stable_Incr,2020,202007,94062,"redwood city, ca",-0.0492,-0.2232,0.4,0.1402,2020
94585,Suisun City,0.020332904,202008,Stable_Incr,2020,NULL,NULL,NULL,NULL,NULL,NULL,NULL,NULL
94518,Concord,0.047979802,202008,Small_Incr,2020,202007,94518,"concord, ca",-0.4762,-0.2639,0,1.1926,2020
94595,Walnut Creek,0.031524644,202008,Small_Incr,2020,NULL,NULL,NULL,NULL,NULL,NULL,NULL,NULL
94603,Oakland,0.057493127,202008,Moderate_Incr,2020,202007,94603,"oakland, ca",0.4444,1.0678,0,0.1481,2020
94619,Oakland,0.04818383,202008,Small_Incr,2020,202007,94619,"oakland, ca",0.2273,0.0851,0,0.4899,2020
94801,Richmond,0.047946929,202008,Small_Incr,2020,202007,94801,"richmond, ca",-0.2712,-0.3707,0,0.3752,2020
94612,Oakland,0.028393217,202008,Stable_Incr,2020,202007,94612,"oakland, ca",1.6,-0.3115,0,-0.1077,2020
94589,Vallejo,0.021732138,202008,Stable_Incr,2020,202007,94589,"vallejo, ca",-0.5128,0.5263,-0.5,1.0364,2020
94621,Oakland,0.052620805,202008,Moderate_Incr,2020,202007,94621,"oakland, ca",-0.0938,-0.0411,0.2,0.1218,2020
94580,San Lorenzo,0.067647095,202008,Moderate_Incr,2020,202007,94580,"san lorenzo, ca",-0.0833,0.8333,-0.25,0.5568,2020
94704,Berkeley,0.026897668,202008,Stable_Incr,2020,NULL,NULL,NULL,NULL,NULL,NULL,NULL,NULL
94947,Novato,0.037471424,202008,Small_Incr,2020,202007,94947,"novato, ca",-0.075,-0.0882,-0.1667,0.1608,2020
94803,El Sobrante,0.020260671,202008,Stable_Incr,2020,202007,94803,"el sobrante, ca",-0.1176,0.1449,1,0.049,2020
94030,Millbrae,-0.01051313,202008,Small_Decr,2020,202007,94030,"millbrae, ca",-0.0435,-0.3485,0.6667,0.0711,2020
94085,Sunnyvale,0.096912786,202008,High_Incr,2020,202007,94085,"sunnyvale, ca",-0.24,-0.4632,4,0.3347,2020
94703,Berkeley,0.040710269,202008,Small_Incr,2020,NULL,NULL,NULL,NULL,NULL,NULL,NULL,NULL
94547,Hercules,0.059714154,202008,Moderate_Incr,2020,NULL,NULL,NULL,NULL,NULL,NULL,NULL,NULL
94089,Sunnyvale,0.109548957,202008,Huge_Incr,2020,NULL,NULL,NULL,NULL,NULL,NULL,NULL,NULL
94506,Danville,0.024214872,202008,Stable_Incr,2020,NULL,NULL,NULL,NULL,NULL,NULL,NULL,NULL
94706,Albany,0.065296605,202008,Moderate_Incr,2020,202007,94706,"albany, ca",0.1818,-0.1918,-0.3333,-1.049,2020
94024,Los Altos,0.101407449,202008,Huge_Incr,2020,202007,94024,"los altos, ca",-0.1613,-0.0135,1.5,0.3164,2020
94105,San Francisco,-0.011762064,202008,Small_Decr,2020,202007,94105,"san francisco, ca",0.4831,-0.2039,0.5556,-0.0625,2020
94702,Berkeley,0.057544833,202008,Moderate_Incr,2020,202007,94702,"berkeley, ca",0.25,0.3226,0,-0.325,2020
94301,Palo Alto,0.0640817,202008,Moderate_Incr,2020,202007,94301,"palo alto, ca",0.3871,-0.1774,1.5,-0.0203,2020
94127,San Francisco,0.021259689,202008,Stable_Incr,2020,202007,94127,"san francisco, ca",1,0.3514,4,-0.0833,2020
95620,Dixon,0.002906261,202008,Stable_Incr,2020,202007,95620,"dixon, ca",-0.4762,0.027,-0.1667,0.7078,2020
94022,Los Altos,0.098052854,202008,High_Incr,2020,202007,94022,"los altos, ca",0.1622,-0.4206,1.6667,0.0792,2020
94618,Oakland,0.038464654,202008,Small_Incr,2020,NULL,NULL,NULL,NULL,NULL,NULL,NULL,NULL
94563,Orinda,0.02787541,202008,Stable_Incr,2020,NULL,NULL,NULL,NULL,NULL,NULL,NULL,NULL
94108,San Francisco,-0.021742872,202008,Small_Decr,2020,NULL,NULL,NULL,NULL,NULL,NULL,NULL,NULL
94564,Pinole,0.018601288,202008,Stable_Incr,2020,202007,94564,"pinole, ca",-0.4231,0.1452,-0.6,0.2282,2020
94949,Novato,0.017895214,202008,Stable_Incr,2020,NULL,NULL,NULL,NULL,NULL,NULL,NULL,NULL
94579,San Leandro,0.072932708,202008,High_Incr,2020,NULL,NULL,NULL,NULL,NULL,NULL,NULL,NULL
94945,Novato,0.020457991,202008,Stable_Incr,2020,202007,94945,"novato, ca",-0.0968,0.1948,-0.3333,0.3698,2020
94019,Half Moon Bay,-0.015955799,202008,Small_Decr,2020,202007,94019,"half moon bay, ca",-0.3714,0.5976,0,0.5766,2020
94705,Berkeley,0.043970844,202008,Small_Incr,2020,NULL,NULL,NULL,NULL,NULL,NULL,NULL,NULL
94503,American Canyon,0.04143511,202008,Small_Incr,2020,NULL,NULL,NULL,NULL,NULL,NULL,NULL,NULL
94960,San Anselmo,0.087432117,202008,High_Incr,2020,202007,94960,"san anselmo, ca",-0.5172,-0.4615,0.5,0.798,2020
94920,Tiburon,0.093533387,202008,High_Incr,2020,NULL,NULL,NULL,NULL,NULL,NULL,NULL,NULL
94965,Sausalito,0.080745429,202008,High_Incr,2020,202007,94965,"sausalito, ca",0.0526,-0.2159,0.25,0.2408,2020
94507,Alamo,0.036307333,202008,Small_Incr,2020,NULL,NULL,NULL,NULL,NULL,NULL,NULL,NULL
94556,Moraga,0.06189483,202008,Moderate_Incr,2020,202007,94556,"moraga, ca",-0.1579,0.0685,0.4,0.4589,2020
94709,Berkeley,0.042969646,202008,Small_Incr,2020,NULL,NULL,NULL,NULL,NULL,NULL,NULL,NULL
94571,Rio Vista,0.011611494,202008,Stable_Incr,2020,NULL,NULL,NULL,NULL,NULL,NULL,NULL,NULL
94805,Richmond,0.032251782,202008,Small_Incr,2020,NULL,NULL,NULL,NULL,NULL,NULL,NULL,NULL
94707,Berkeley,0.061667753,202008,Moderate_Incr,2020,NULL,NULL,NULL,NULL,NULL,NULL,NULL,NULL
94904,Kentfield,0.085580917,202008,High_Incr,2020,NULL,NULL,NULL,NULL,NULL,NULL,NULL,NULL
94502,Alameda,0.042941158,202008,Small_Incr,2020,NULL,NULL,NULL,NULL,NULL,NULL,NULL,NULL
94542,Hayward,0.063748586,202008,Moderate_Incr,2020,202007,94542,"hayward, ca",-0.3913,-0.4306,-0.2,0.559,2020
94517,Clayton,0.017964392,202008,Stable_Incr,2020,NULL,NULL,NULL,NULL,NULL,NULL,NULL,NULL
94065,Redwood City,0.014144683,202008,Stable_Incr,2020,202007,94065,"redwood city, ca",0.1667,-0.0465,-0.25,-0.7143,2020
94552,Castro Valley,0.041567855,202008,Small_Incr,2020,NULL,NULL,NULL,NULL,NULL,NULL,NULL,NULL
94708,Berkeley,0.05206136,202008,Moderate_Incr,2020,202007,94708,"berkeley, ca",0.3636,0.6,0.5,0.2788,2020
94305,Stanford,0.08809186,202008,High_Incr,2020,NULL,NULL,NULL,NULL,NULL,NULL,NULL,NULL
94925,Corte Madera,0.065404339,202008,Moderate_Incr,2020,NULL,NULL,NULL,NULL,NULL,NULL,NULL,NULL
94930,Fairfax,0.07586915,202008,High_Incr,2020,NULL,NULL,NULL,NULL,NULL,NULL,NULL,NULL
94939,Larkspur,0.079204371,202008,High_Incr,2020,NULL,NULL,NULL,NULL,NULL,NULL,NULL,NULL
94710,Berkeley,0.085820794,202008,High_Incr,2020,NULL,NULL,NULL,NULL,NULL,NULL,NULL,NULL
94572,Rodeo,0.050023343,202008,Moderate_Incr,2020,NULL,NULL,NULL,NULL,NULL,NULL,NULL,NULL
94028,Portola Valley,-0.010385411,202008,Small_Decr,2020,202007,94028,"portola valley, ca",0.3846,-0.4178,1,0.2051,2020
94304,Palo Alto,0.096059154,202008,High_Incr,2020,NULL,NULL,NULL,NULL,NULL,NULL,NULL,NULL
94027,Atherton,0.032468451,202008,Small_Incr,2020,202007,94027,"atherton, ca",0.2963,-0.4276,1,0.0603,2020
94111,San Francisco,-0.006923212,202008,Small_Decr,2020,NULL,NULL,NULL,NULL,NULL,NULL,NULL,NULL
94038,Moss Beach,0.023590445,202008,Stable_Incr,2020,NULL,NULL,NULL,NULL,NULL,NULL,NULL,NULL
94005,Brisbane,0.07409342,202008,High_Incr,2020,NULL,NULL,NULL,NULL,NULL,NULL,NULL,NULL
94535,Fairfield,0.042194014,202008,Small_Incr,2020,NULL,NULL,NULL,NULL,NULL,NULL,NULL,NULL
94525,Crockett,0.074842233,202008,High_Incr,2020,NULL,NULL,NULL,NULL,NULL,NULL,NULL,NULL
95002,San Jose,0.039301088,202008,Small_Incr,2020,NULL,NULL,NULL,NULL,NULL,NULL,NULL,NULL
94973,Woodacre,0.036951721,202008,Small_Incr,2020,NULL,NULL,NULL,NULL,NULL,NULL,NULL,NULL
94586,Sunol,-0.035416391,202008,Small_Decr,2020,NULL,NULL,NULL,NULL,NULL,NULL,NULL,NULL
94933,Lagunitas,-0.01735834,202008,Small_Decr,2020,NULL,NULL,NULL,NULL,NULL,NULL,NULL,NULL
94104,San Francisco,-0.055831821,202008,Moderate_Decr,2020,NULL,NULL,NULL,NULL,NULL,NULL,NULL,NULL
94528,Diablo,0.018494545,202008,Stable_Incr,2020,NULL,NULL,NULL,NULL,NULL,NULL,NULL,NULL
94970,Stinson Beach,0.025381049,202008,Stable_Incr,2020,NULL,NULL,NULL,NULL,NULL,NULL,NULL,NULL
94514,Byron,0.054906851,202008,Moderate_Incr,2020,NULL,NULL,NULL,NULL,NULL,NULL,NULL,NULL
94963,San Geronimo,0.043490382,202008,Small_Incr,2020,NULL,NULL,NULL,NULL,NULL,NULL,NULL,NULL
94938,Lagunitas,0.0046209,202008,Stable_Incr,2020,NULL,NULL,NULL,NULL,NULL,NULL,NULL,NULL
94946,Nicasio,0.063750077,202008,Moderate_Incr,2020,NULL,NULL,NULL,NULL,NULL,NULL,NULL,NULL
94592,Vallejo,0.025691259,202008,Stable_Incr,2020,NULL,NULL,NULL,NULL,NULL,NULL,NULL,NULL
94964,San Quentin,0.015917772,202008,Stable_Incr,2020,NULL,NULL,NULL,NULL,NULL,NULL,NULL,NULL
95140,East Foothills,0.056786439,202008,Moderate_Incr,2020,NULL,NULL,NULL,NULL,NULL,NULL,NULL,NULL
94512,Birds Landing,-0.042967489,202008,Small_Decr,2020,NULL,NULL,NULL,NULL,NULL,NULL,NULL,NULL
94109,San Francisco,-0.019464332,201908,Small_Decr,2019,201907,94109,"san francisco, ca",0.1311,-0.1584,0.6,-0.086,2019
94565,Pittsburg,-0.010031609,201908,Small_Decr,2019,NULL,NULL,NULL,NULL,NULL,NULL,NULL,NULL
94501,Alameda,0.027124818,201908,Stable_Incr,2019,201907,94501,"alameda, ca",0.2727,-0.1538,0.7143,-0.29,2019
94110,San Francisco,-0.0288916,201908,Small_Decr,2019,201907,94110,"san francisco, ca",-0.0682,-0.0484,-0.2222,-0.1419,2019
94558,Napa,0.008095129,201908,Stable_Incr,2019,201907,94558,"napa, ca",0.1989,0.5385,-0.28,0.0095,2019
94533,Fairfield,0.018452154,201908,Stable_Incr,2019,201907,94533,"fairfield, ca",0.1681,-0.1143,0.2222,0.045,2019
94536,Fremont,-0.054247835,201908,Moderate_Decr,2019,201907,94536,"fremont, ca",0.6351,1.0323,-0.3077,-0.4545,2019
95035,Milpitas,-0.110002945,201908,Huge_Decr,2019,201907,95035,"milpitas, ca",0.3974,0.4783,-0.1053,-0.279,2019
94544,Hayward,-0.025568839,201908,Small_Decr,2019,201907,94544,"hayward, ca",0.8636,0.28,0.2143,-0.7034,2019
94568,Dublin,-0.038253989,201908,Small_Decr,2019,201907,94568,"dublin, ca",0.2885,0.381,-0.1852,-0.4885,2019
94509,Antioch,0.009950749,201908,Stable_Incr,2019,201907,94509,"antioch, ca",0.4286,0.6585,-0.1905,-0.7143,2019
94122,San Francisco,-0.018572949,201908,Small_Decr,2019,201907,94122,"san francisco, ca",-0.2083,0.7778,-0.6667,-0.1491,2019
94541,Hayward,-0.021902559,201908,Small_Decr,2019,NULL,NULL,NULL,NULL,NULL,NULL,NULL,NULL
94538,Fremont,-0.081357549,201908,High_Decr,2019,201907,94538,"fremont, ca",0.5147,0.75,0,-0.3448,2019
94513,Brentwood,-0.004382471,201908,Small_Decr,2019,201907,94513,"brentwood, ca",0.4813,0.3125,0.2,-0.2241,2019
94587,Union City,-0.052437415,201908,Moderate_Decr,2019,201907,94587,"union city, ca",0.7143,1.0588,0.0556,-0.5119,2019
94080,South San Francisco,-0.03172864,201908,Small_Decr,2019,NULL,NULL,NULL,NULL,NULL,NULL,NULL,NULL
94112,San Francisco,-0.000787422,201908,Small_Decr,2019,201907,94112,"san francisco, ca",0.125,-0.3654,0.4286,-0.2222,2019
94087,Sunnyvale,-0.145554412,201908,Huge_Decr,2019,201907,94087,"sunnyvale, ca",0.0741,0.9737,-0.6364,-0.4636,2019
94086,Sunnyvale,-0.146214783,201908,Huge_Decr,2019,201907,94086,"sunnyvale, ca",0.2174,0.4634,0.1667,-0.4317,2019
94806,San Pablo,0.006596707,201908,Stable_Incr,2019,201907,94806,"san pablo, ca",0.0769,0.7917,0,0.2051,2019
94591,Vallejo,0.013522296,201908,Stable_Incr,2019,201907,94591,"vallejo, ca",0.0674,0.1034,0.0714,0.0565,2019
94553,Martinez,-0.023917422,201908,Small_Decr,2019,201907,94553,"martinez, ca",-0.3,0.4615,-0.3333,0.3571,2019
94015,Daly City,-0.037667857,201908,Small_Decr,2019,201907,94015,"daly city, ca",0,0.2593,1.4,0.1333,2019
94115,San Francisco,0.014542453,201908,Stable_Incr,2019,201907,94115,"san francisco, ca",0,0.1622,0.25,-0.4483,2019
94117,San Francisco,0.016657073,201908,Stable_Incr,2019,201907,94117,"san francisco, ca",-0.1667,-0.3699,-0.25,0.1333,2019
94102,San Francisco,-0.017378856,201908,Small_Decr,2019,NULL,NULL,NULL,NULL,NULL,NULL,NULL,NULL
94121,San Francisco,-0.013323702,201908,Small_Decr,2019,201907,94121,"san francisco, ca",-0.0952,0.4222,0,-0.589,2019
94611,Oakland,-0.010046634,201908,Small_Decr,2019,201907,94611,"oakland, ca",0.1111,0.3529,0.1667,0.2333,2019
94550,Livermore,-0.040154923,201908,Small_Decr,2019,201907,94550,"livermore, ca",0.4615,0.2679,0.125,-0.3232,2019
94577,San Leandro,-0.022478232,201908,Small_Decr,2019,201907,94577,"san leandro, ca",-0.1143,0.6,-0.0909,0.3899,2019
94118,San Francisco,0.026820405,201908,Stable_Incr,2019,201907,94118,"san francisco, ca",0.125,0.2881,0,-0.2639,2019
94546,Castro Valley,-0.020817091,201908,Small_Decr,2019,201907,94546,"castro valley, ca",0.6829,0.3902,-0.1333,-0.1297,2019
94403,San Mateo,-0.074598336,201908,High_Decr,2019,201907,94403,"san mateo, ca",0.4615,0.5,-0.1667,-0.8502,2019
94103,San Francisco,0.013081949,201908,Stable_Incr,2019,NULL,NULL,NULL,NULL,NULL,NULL,NULL,NULL
94590,Vallejo,0.017408305,201908,Stable_Incr,2019,201907,94590,"vallejo, ca",-0.0926,0.0278,-0.2727,0.0378,2019
94114,San Francisco,-0.010603717,201908,Small_Decr,2019,201907,94114,"san francisco, ca",-0.04,0,0.2,-0.4117,2019
94107,San Francisco,-0.000241127,201908,Small_Decr,2019,201907,94107,"san francisco, ca",0,0.913,-0.4444,-0.3415,2019
94539,Fremont,-0.021340097,201908,Small_Decr,2019,201907,94539,"fremont, ca",0.5846,0.3091,0,-0.2402,2019
94010,Burlingame,-0.066842008,201908,Moderate_Decr,2019,201907,94010,"burlingame, ca",0.3036,0.0909,0.6,-0.114,2019
94566,Pleasanton,-0.043743642,201908,Small_Decr,2019,201907,94566,"pleasanton, ca",0.4118,0.3433,-0.2143,-0.2978,2019
94605,Oakland,-0.001175493,201908,Small_Decr,2019,201907,94605,"oakland, ca",-0.1795,0.122,0.2667,0.3045,2019
94066,San Bruno,-0.041572717,201908,Small_Decr,2019,NULL,NULL,NULL,NULL,NULL,NULL,NULL,NULL
94601,Oakland,0.004182054,201908,Stable_Incr,2019,201907,94601,"oakland, ca",0.25,0.3922,-0.1667,0.2143,2019
94610,Oakland,0.045046786,201908,Small_Incr,2019,201907,94610,"oakland, ca",-0.24,0.3438,-0.5714,0.0168,2019
94025,Menlo Park,-0.082356641,201908,High_Decr,2019,201907,94025,"menlo park, ca",0.7,0.4412,0.2857,-0.3574,2019
95476,Sonoma,-0.025809052,201908,Small_Decr,2019,NULL,NULL,NULL,NULL,NULL,NULL,NULL,NULL
94901,San Rafael,0.022286938,201908,Stable_Incr,2019,201907,94901,"san rafael, ca",0.12,-0.1538,0.2857,0.0193,2019
94606,Oakland,-0.033952422,201908,Small_Decr,2019,201907,94606,"oakland, ca",0.3684,0.4576,-0.3333,-0.2854,2019
94040,Mountain View,-0.126416393,201908,Huge_Decr,2019,201907,94040,"mountain view, ca",0.8182,0.1321,0,-0.85,2019
94608,Oakland,-0.012660738,201908,Small_Decr,2019,201907,94608,"emeryville, ca",0.1395,0.2,0,0.0256,2019
94404,Foster City,-0.071011956,201908,High_Decr,2019,201907,94404,"san mateo, ca",0.4444,0.8039,0,-0.0399,2019
94116,San Francisco,-0.012013266,201908,Small_Decr,2019,201907,94116,"san francisco, ca",0.9286,0.3043,0.25,-0.9392,2019
94804,Richmond,0.015747645,201908,Stable_Incr,2019,201907,94804,"richmond, ca",0.55,0.2075,0.1111,-0.3581,2019
94560,Newark,-0.06899157,201908,Moderate_Decr,2019,201907,94560,"newark, ca",1.0357,0.6053,0,-0.4455,2019
94578,San Leandro,-0.023203583,201908,Small_Decr,2019,201907,94578,"san leandro, ca",0.0968,0.3714,0,0.1262,2019
94044,Pacifica,-0.024342567,201908,Small_Decr,2019,201907,94044,"pacifica, ca",0.75,-0.0976,0.25,-0.2429,2019
94123,San Francisco,0.012170891,201908,Stable_Incr,2019,201907,94123,"san francisco, ca",0.4118,-0.0263,0.5,-0.1887,2019
94523,Pleasant Hill,0.029861897,201908,Stable_Incr,2019,201907,94523,"pleasant hill, ca",0.1304,0.2593,0,-0.3487,2019
94303,Palo Alto,-0.107938848,201908,Huge_Decr,2019,201907,94303,"palo alto, ca",1.1667,0.3585,0,-0.4872,2019
94583,San Ramon,-0.012398783,201908,Small_Decr,2019,NULL,NULL,NULL,NULL,NULL,NULL,NULL,NULL
94954,Petaluma,-0.025068188,201908,Small_Decr,2019,201907,94954,"petaluma, ca",0.2903,0.4889,-0.125,0.1161,2019
94531,Antioch,0.030634981,201908,Small_Incr,2019,201907,94531,"antioch, ca",0.3562,0.2041,0.25,-0.1486,2019
94561,Oakley,0.00760992,201908,Stable_Incr,2019,201907,94561,"oakley, ca",0.4342,0.25,0.2353,-0.1599,2019
95134,San Jose,-0.142229058,201908,Huge_Decr,2019,NULL,NULL,NULL,NULL,NULL,NULL,NULL,NULL
94061,Redwood City,-0.048655936,201908,Small_Decr,2019,201907,94061,"redwood city, ca",0.0952,0.8684,-0.4286,0.0538,2019
94401,San Mateo,-0.066846093,201908,Moderate_Decr,2019,201907,94401,"san mateo, ca",-0.0571,0.4063,-0.1667,0.1022,2019
94043,Mountain View,-0.136398007,201908,Huge_Decr,2019,201907,94043,"mountain view, ca",0.5417,0,0.5,-0.143,2019
94131,San Francisco,-0.023022034,201908,Small_Decr,2019,201907,94131,"san francisco, ca",-0.3438,0.5833,-0.375,0.1518,2019
94014,Daly City,-0.06046256,201908,Moderate_Decr,2019,201907,94014,"daly city, ca",0.0952,0.3111,-0.4,0.0186,2019
94520,Concord,0.0131464,201908,Stable_Incr,2019,201907,94520,"concord, ca",-0.0556,0.0794,0.4286,-0.0316,2019
94133,San Francisco,-0.004795729,201908,Small_Decr,2019,201907,94133,"san francisco, ca",0.8235,-0.2328,2,-0.186,2019
94941,Mill Valley,-0.002790299,201908,Small_Decr,2019,NULL,NULL,NULL,NULL,NULL,NULL,NULL,NULL
94526,Danville,-0.030378764,201908,Small_Decr,2019,201907,94526,"danville, ca",-0.0125,0.082,-0.25,-0.1446,2019
94588,Pleasanton,-0.043089386,201908,Small_Decr,2019,201907,94588,"pleasanton, ca",0.2308,0.0545,0,-0.1863,2019
94070,San Carlos,-0.058219492,201908,Moderate_Decr,2019,201907,94070,"san carlos, ca",0.6875,0.0702,0.2,0.0718,2019
94903,San Rafael,0.002741703,201908,Stable_Incr,2019,201907,94903,"san rafael, ca",0.5758,0.0595,0,-0.0367,2019
94602,Oakland,0.009418977,201908,Stable_Incr,2019,201907,94602,"oakland, ca",0.4,-0.3333,0.3333,0.0571,2019
94063,Redwood City,-0.093939157,201908,High_Decr,2019,NULL,NULL,NULL,NULL,NULL,NULL,NULL,NULL
94306,Palo Alto,-0.10098237,201908,Huge_Decr,2019,201907,94306,"palo alto, ca",-0.0588,0.5435,0,-0.1397,2019
94510,Benicia,0.010031811,201908,Stable_Incr,2019,201907,94510,"benicia, ca",0.449,0.2424,-0.3636,-0.0532,2019
94607,Oakland,-0.029138707,201908,Small_Decr,2019,201907,94607,"oakland, ca",0.3704,0.069,0.3333,-0.1181,2019
94555,Fremont,-0.041106985,201908,Small_Decr,2019,201907,94555,"fremont, ca",0.5294,0.9063,-0.4167,-0.6086,2019
94134,San Francisco,0.006055319,201908,Stable_Incr,2019,201907,94134,"san francisco, ca",0.1579,0.25,0.4,0.0526,2019
94530,El Cerrito,0.077006971,201908,High_Incr,2019,201907,94530,"el cerrito, ca",-0.0741,-0.4146,0.1667,0.0504,2019
94549,Lafayette,0.01296387,201908,Stable_Incr,2019,201907,94549,"lafayette, ca",0.0962,-0.2386,0.125,0.0061,2019
94002,Belmont,-0.067569692,201908,Moderate_Decr,2019,201907,94002,"belmont, ca",0.6,-0.0357,0.2,-0.4167,2019
94596,Walnut Creek,-0.009648294,201908,Small_Decr,2019,201907,94596,"walnut creek, ca",0.1892,0.1818,0.5,-0.5614,2019
94559,Napa,0.01776047,201908,Stable_Incr,2019,201907,94559,"napa, ca",0.2545,0.1412,0,-0.1136,2019
94124,San Francisco,0.019871522,201908,Stable_Incr,2019,201907,94124,"san francisco, ca",0.3125,0.9836,-0.2,-0.3065,2019
94132,San Francisco,-0.022485938,201908,Small_Decr,2019,NULL,NULL,NULL,NULL,NULL,NULL,NULL,NULL
94598,Walnut Creek,-0.001789927,201908,Small_Decr,2019,201907,94598,"walnut creek, ca",0.3143,0.5818,0.1111,-0.0379,2019
94609,Oakland,-0.004633575,201908,Small_Decr,2019,201907,94609,"oakland, ca",-0.1667,0.3182,-0.5,0.2222,2019
94402,San Mateo,-0.063960955,201908,Moderate_Decr,2019,201907,94402,"san mateo, ca",0.2727,0.2203,-0.5,-0.9351,2019
94545,Hayward,-0.037570256,201908,Small_Decr,2019,201907,94545,"hayward, ca",0.2258,0.525,-0.125,-0.1282,2019
94062,Redwood City,-0.067806639,201908,Moderate_Decr,2019,201907,94062,"redwood city, ca",0.2449,0.3176,-0.2857,-0.1127,2019
94585,Suisun City,0.021337116,201908,Stable_Incr,2019,201907,94585,"suisun city, ca",0.28,0.0204,0,0.07,2019
94518,Concord,0.001521613,201908,Stable_Incr,2019,201907,94518,"concord, ca",0.0244,0.8,-0.3333,-0.3113,2019
94595,Walnut Creek,0.020003109,201908,Stable_Incr,2019,201907,94595,"walnut creek, ca",-0.2549,-0.1212,0.125,0.5531,2019
94603,Oakland,0.027408126,201908,Stable_Incr,2019,201907,94603,"oakland, ca",-0.2895,0.18,-0.25,0.2904,2019
94619,Oakland,0.001898221,201908,Stable_Incr,2019,201907,94619,"oakland, ca",-0.2903,0.4688,-0.25,0.0836,2019
94801,Richmond,0.046789232,201908,Small_Incr,2019,201907,94801,"richmond, ca",0.4048,-0.0413,0.4,-0.1106,2019
94612,Oakland,-0.012354166,201908,Small_Decr,2019,NULL,NULL,NULL,NULL,NULL,NULL,NULL,NULL
94589,Vallejo,0.020494127,201908,Stable_Incr,2019,201907,94589,"vallejo, ca",-0.025,-0.1163,0,0.0346,2019
94621,Oakland,0.021304214,201908,Stable_Incr,2019,NULL,NULL,NULL,NULL,NULL,NULL,NULL,NULL
94580,San Lorenzo,-0.041507718,201908,Small_Decr,2019,201907,94580,"san lorenzo, ca",-0.2258,-0.0769,0,-0.0685,2019
94704,Berkeley,0.007961119,201908,Stable_Incr,2019,NULL,NULL,NULL,NULL,NULL,NULL,NULL,NULL
94947,Novato,-0.015064236,201908,Small_Decr,2019,201907,94947,"novato, ca",0.0256,0.0968,-0.25,0.1628,2019
94803,El Sobrante,0.042029788,201908,Small_Incr,2019,201907,94803,"el sobrante, ca",-0.0811,0.0952,-0.5714,0.1717,2019
94030,Millbrae,-0.056739144,201908,Moderate_Decr,2019,201907,94030,"millbrae, ca",0.4375,1.0625,-0.5714,-0.7473,2019
94085,Sunnyvale,-0.135847767,201908,Huge_Decr,2019,201907,94085,"sunnyvale, ca",0,1.6389,-0.8333,0.12,2019
94703,Berkeley,-0.001912523,201908,Small_Decr,2019,NULL,NULL,NULL,NULL,NULL,NULL,NULL,NULL
94547,Hercules,0.012009761,201908,Stable_Incr,2019,201907,94547,"hercules, ca",0.3243,-0.1455,0,-0.8941,2019
94089,Sunnyvale,-0.164464915,201908,Huge_Decr,2019,NULL,NULL,NULL,NULL,NULL,NULL,NULL,NULL
94506,Danville,-0.01436644,201908,Small_Decr,2019,201907,94506,"danville, ca",0.3947,0.1481,0.125,-0.1432,2019
94706,Albany,-0.034620033,201908,Small_Decr,2019,NULL,NULL,NULL,NULL,NULL,NULL,NULL,NULL
94024,Los Altos,-0.090439116,201908,High_Decr,2019,201907,94024,"los altos, ca",1.0667,0,-0.3333,-0.3548,2019
94105,San Francisco,-0.014957779,201908,Small_Decr,2019,201907,94105,"san francisco, ca",0.5085,-0.055,0.8,-0.1365,2019
94702,Berkeley,-0.001973982,201908,Small_Decr,2019,201907,94702,"berkeley, ca",1,-0.1014,2,-0.75,2019
94301,Palo Alto,-0.121368494,201908,Huge_Decr,2019,201907,94301,"palo alto, ca",0.4762,0.5696,-0.3333,-0.0108,2019
94127,San Francisco,-0.04186316,201908,Small_Decr,2019,NULL,NULL,NULL,NULL,NULL,NULL,NULL,NULL
95620,Dixon,0.02569653,201908,Stable_Incr,2019,201907,95620,"dixon, ca",0.3125,0.1746,0.5,0.0223,2019
94022,Los Altos,-0.111896115,201908,Huge_Decr,2019,201907,94022,"los altos, ca",0.5417,0.3049,0,-0.1926,2019
94618,Oakland,0.040236395,201908,Small_Incr,2019,NULL,NULL,NULL,NULL,NULL,NULL,NULL,NULL
94563,Orinda,-0.021884566,201908,Small_Decr,2019,201907,94563,"orinda, ca",0.2,0.3294,-0.4286,-0.2367,2019
94108,San Francisco,-0.035202303,201908,Small_Decr,2019,201907,94108,"san francisco, ca",-0.2105,0.416,-1,0.0947,2019
94564,Pinole,0.004493119,201908,Stable_Incr,2019,201907,94564,"pinole, ca",0.625,0.1481,0,-0.274,2019
94949,Novato,-0.00066122,201908,Small_Decr,2019,201907,94949,"novato, ca",1.0435,0.8103,0.3333,-0.1998,2019
94579,San Leandro,-0.027124046,201908,Small_Decr,2019,NULL,NULL,NULL,NULL,NULL,NULL,NULL,NULL
94945,Novato,-0.007078972,201908,Small_Decr,2019,201907,94945,"novato, ca",-0.0313,0.1159,0,0.1079,2019
94019,Half Moon Bay,-0.047955176,201908,Small_Decr,2019,201907,94019,"half moon bay, ca",0,0.3226,-0.4,-0.2571,2019
94705,Berkeley,0.025718126,201908,Stable_Incr,2019,NULL,NULL,NULL,NULL,NULL,NULL,NULL,NULL
94503,American Canyon,-0.00494369,201908,Small_Decr,2019,201907,94503,"american canyon, ca",-0.0938,-0.3415,0.6667,0.0603,2019
94960,San Anselmo,-0.039287051,201908,Small_Decr,2019,201907,94960,"san anselmo, ca",0.3182,0.8246,0,0.0721,2019
94920,Tiburon,0.019931456,201908,Stable_Incr,2019,201907,94920,"belvedere tiburon, ca",-0.0274,0.1189,0,-0.011,2019
94965,Sausalito,-0.013498247,201908,Small_Decr,2019,201907,94965,"sausalito, ca",0.6522,-0.0737,1,0.0103,2019
94507,Alamo,-0.035989975,201908,Small_Decr,2019,201907,94507,"alamo, ca",0.3019,0.4643,-0.3333,-0.2078,2019
94556,Moraga,0.00628336,201908,Stable_Incr,2019,201907,94556,"moraga, ca",1.2353,0.0139,0.6667,-0.4938,2019
94709,Berkeley,0.008482832,201908,Stable_Incr,2019,NULL,NULL,NULL,NULL,NULL,NULL,NULL,NULL
94571,Rio Vista,0.003725488,201908,Stable_Incr,2019,201907,94571,"rio vista, ca",0.0385,-0.2857,0,-0.0085,2019
94805,Richmond,-0.01112847,201908,Small_Decr,2019,201907,94805,"richmond, ca",-0.2,-0.102,-0.3333,0.11,2019
94707,Berkeley,-0.004189472,201908,Small_Decr,2019,NULL,NULL,NULL,NULL,NULL,NULL,NULL,NULL
94904,Kentfield,-0.017605594,201908,Small_Decr,2019,201907,94904,"greenbrae, ca",-0.1563,0.09,-0.3333,-0.0451,2019
94502,Alameda,-0.007634314,201908,Small_Decr,2019,NULL,NULL,NULL,NULL,NULL,NULL,NULL,NULL
94542,Hayward,-0.028493535,201908,Small_Decr,2019,201907,94542,"hayward, ca",-0.3235,0.3846,-0.1667,0.1049,2019
94517,Clayton,0.002749595,201908,Stable_Incr,2019,201907,94517,"clayton, ca",0.6667,0.7049,0,-0.2833,2019
94065,Redwood City,-0.066734493,201908,Moderate_Decr,2019,NULL,NULL,NULL,NULL,NULL,NULL,NULL,NULL
94552,Castro Valley,-0.028331394,201908,Small_Decr,2019,201907,94552,"castro valley, ca",0.375,-0.0784,1,-0.1193,2019
94708,Berkeley,0.008437405,201908,Stable_Incr,2019,NULL,NULL,NULL,NULL,NULL,NULL,NULL,NULL
94305,Stanford,-0.109298038,201908,Huge_Decr,2019,NULL,NULL,NULL,NULL,NULL,NULL,NULL,NULL
94925,Corte Madera,-0.010928156,201908,Small_Decr,2019,NULL,NULL,NULL,NULL,NULL,NULL,NULL,NULL
94930,Fairfax,0.013393521,201908,Stable_Incr,2019,201907,94930,"fairfax, ca",1.3333,1.4783,0,0.119,2019
94939,Larkspur,-0.030744526,201908,Small_Decr,2019,NULL,NULL,NULL,NULL,NULL,NULL,NULL,NULL
94710,Berkeley,0.01959245,201908,Stable_Incr,2019,NULL,NULL,NULL,NULL,NULL,NULL,NULL,NULL
94572,Rodeo,0.075103091,201908,High_Incr,2019,NULL,NULL,NULL,NULL,NULL,NULL,NULL,NULL
94028,Portola Valley,-0.047098309,201908,Small_Decr,2019,NULL,NULL,NULL,NULL,NULL,NULL,NULL,NULL
94304,Palo Alto,-0.108006821,201908,Huge_Decr,2019,NULL,NULL,NULL,NULL,NULL,NULL,NULL,NULL
94027,Atherton,0.012262101,201908,Stable_Incr,2019,NULL,NULL,NULL,NULL,NULL,NULL,NULL,NULL
94111,San Francisco,-0.031336196,201908,Small_Decr,2019,NULL,NULL,NULL,NULL,NULL,NULL,NULL,NULL
94038,Moss Beach,-0.059185914,201908,Moderate_Decr,2019,NULL,NULL,NULL,NULL,NULL,NULL,NULL,NULL
94005,Brisbane,-0.03742966,201908,Small_Decr,2019,NULL,NULL,NULL,NULL,NULL,NULL,NULL,NULL
94535,Fairfield,0.020153367,201908,Stable_Incr,2019,NULL,NULL,NULL,NULL,NULL,NULL,NULL,NULL
94525,Crockett,0.041399833,201908,Small_Incr,2019,NULL,NULL,NULL,NULL,NULL,NULL,NULL,NULL
95002,San Jose,-0.148392224,201908,Huge_Decr,2019,NULL,NULL,NULL,NULL,NULL,NULL,NULL,NULL
94973,Woodacre,0.023671912,201908,Stable_Incr,2019,NULL,NULL,NULL,NULL,NULL,NULL,NULL,NULL
94586,Sunol,-0.02432983,201908,Small_Decr,2019,NULL,NULL,NULL,NULL,NULL,NULL,NULL,NULL
94933,Lagunitas,0.02230984,201908,Stable_Incr,2019,NULL,NULL,NULL,NULL,NULL,NULL,NULL,NULL
94104,San Francisco,-0.02154492,201908,Small_Decr,2019,NULL,NULL,NULL,NULL,NULL,NULL,NULL,NULL
94528,Diablo,-0.034522424,201908,Small_Decr,2019,NULL,NULL,NULL,NULL,NULL,NULL,NULL,NULL
94970,Stinson Beach,0.076437455,201908,High_Incr,2019,NULL,NULL,NULL,NULL,NULL,NULL,NULL,NULL
94514,Byron,0.021084236,201908,Stable_Incr,2019,NULL,NULL,NULL,NULL,NULL,NULL,NULL,NULL
94963,San Geronimo,0.003781075,201908,Stable_Incr,2019,NULL,NULL,NULL,NULL,NULL,NULL,NULL,NULL
94938,Lagunitas,0.043824397,201908,Small_Incr,2019,NULL,NULL,NULL,NULL,NULL,NULL,NULL,NULL
94946,Nicasio,0.046056001,201908,Small_Incr,2019,NULL,NULL,NULL,NULL,NULL,NULL,NULL,NULL
94592,Vallejo,0.054041921,201908,Moderate_Incr,2019,NULL,NULL,NULL,NULL,NULL,NULL,NULL,NULL
94964,San Quentin,-0.030314805,201908,Small_Decr,2019,NULL,NULL,NULL,NULL,NULL,NULL,NULL,NULL
95140,East Foothills,-0.005455389,201908,Small_Decr,2019,NULL,NULL,NULL,NULL,NULL,NULL,NULL,NULL
94512,Birds Landing,0.107546325,201908,Huge_Incr,2019,NULL,NULL,NULL,NULL,NULL,NULL,NULL,NULL
94109,San Francisco,0.054813461,201808,Moderate_Incr,2018,201807,94109,"san francisco, ca",-0.0161,0.3649,-0.2857,-0.0405,2018
94565,Pittsburg,0.085172726,201808,High_Incr,2018,201807,94565,"pittsburg, ca",0.0988,-0.3387,0.4444,-0.8496,2018
94501,Alameda,0.119965023,201808,Huge_Incr,2018,201807,94501,"alameda, ca",-0.1538,0.1818,-0.4615,0.0373,2018
94110,San Francisco,0.101678323,201808,Huge_Incr,2018,201807,94110,"san francisco, ca",0.0476,-0.1389,1.25,-0.1537,2018
94558,Napa,0.05939466,201808,Moderate_Incr,2018,201807,94558,"napa, ca",0.2067,0.0111,0.1905,-0.1104,2018
94533,Fairfield,0.091342709,201808,High_Incr,2018,201807,94533,"fairfield, ca",0.5915,0.5909,0.0588,-0.3185,2018
94536,Fremont,0.205083992,201808,Huge_Incr,2018,201807,94536,"fremont, ca",0.5745,-0.4655,0.7333,-0.7234,2018
95035,Milpitas,0.244769408,201808,Huge_Incr,2018,201807,95035,"milpitas, ca",1.6,0.15,0.5833,-1.1846,2018
94544,Hayward,0.147601558,201808,Huge_Incr,2018,201807,94544,"hayward, ca",-0.1373,0,0.0769,0.053,2018
94568,Dublin,0.108815432,201808,Huge_Incr,2018,201807,94568,"dublin, ca",0.5294,-0.16,0.4211,-0.5317,2018
94509,Antioch,0.168982792,201808,Huge_Incr,2018,201807,94509,"antioch, ca",0.3462,-0.1458,0.1667,-0.4011,2018
94122,San Francisco,0.143647967,201808,Huge_Incr,2018,201807,94122,"san francisco, ca",0.7143,-0.4706,1,-0.5238,2018
94541,Hayward,0.133801965,201808,Huge_Incr,2018,201807,94541,"hayward, ca",0.3448,-0.3333,0.3125,-0.58,2018
94538,Fremont,0.212959271,201808,Huge_Incr,2018,201807,94538,"fremont, ca",0.8378,0.1111,-0.0556,-0.7691,2018
94513,Brentwood,0.07875131,201808,High_Incr,2018,201807,94513,"brentwood, ca",-0.0643,-0.1111,-0.2188,-0.0074,2018
94587,Union City,0.189777838,201808,Huge_Incr,2018,201807,94587,"union city, ca",0.6154,-0.2273,0.2,-0.8107,2018
94080,South San Francisco,0.193512609,201808,Huge_Incr,2018,201807,94080,"south san francisco, ca",0.0303,-0.5714,0.1538,-0.664,2018
94112,San Francisco,0.14337362,201808,Huge_Incr,2018,201807,94112,"san francisco, ca",0.0526,0.0833,-0.3,-0.3053,2018
94087,Sunnyvale,0.242660899,201808,Huge_Incr,2018,201807,94087,"sunnyvale, ca",1.25,-0.2083,0.375,-1.8611,2018
94086,Sunnyvale,0.260956356,201808,Huge_Incr,2018,201807,94086,"sunnyvale, ca",2.8333,-0.2931,0.5,-1.6159,2018
94806,San Pablo,0.085365988,201808,High_Incr,2018,201807,94806,"san pablo, ca",-0.1702,0,-0.1818,-0.042,2018
94591,Vallejo,0.100103114,201808,Huge_Incr,2018,201807,94591,"vallejo, ca",0.023,0.2609,-0.2632,-0.0331,2018
94553,Martinez,0.084062982,201808,High_Incr,2018,201807,94553,"martinez, ca",0.0843,-0.1613,-0.0526,-0.3139,2018
94015,Daly City,0.169784453,201808,Huge_Incr,2018,201807,94015,"daly city, ca",-0.0625,-0.1,-0.6429,-0.3771,2018
94115,San Francisco,0.132427906,201808,Huge_Incr,2018,201807,94115,"san francisco, ca",0.1154,0,0.3333,0.1698,2018
94117,San Francisco,0.137283857,201808,Huge_Incr,2018,201807,94117,"san francisco, ca",0.2,0.3036,0,0,2018
94102,San Francisco,0.059661257,201808,Moderate_Incr,2018,NULL,NULL,NULL,NULL,NULL,NULL,NULL,NULL
94121,San Francisco,0.117048242,201808,Huge_Incr,2018,201807,94121,"san francisco, ca",0.4,-0.4231,0.3333,-0.1619,2018
94611,Oakland,0.084874208,201808,High_Incr,2018,201807,94611,"oakland, ca",0.0385,-0.1207,0,-0.1218,2018
94550,Livermore,0.109171075,201808,Huge_Incr,2018,201807,94550,"livermore, ca",0.1143,0.0769,0.1429,0.0132,2018
94577,San Leandro,0.120974678,201808,Huge_Incr,2018,201807,94577,"san leandro, ca",0.129,-0.3269,0.2222,-0.3576,2018
94118,San Francisco,0.162186077,201808,Huge_Incr,2018,201807,94118,"san francisco, ca",0.7778,0.0172,2,-0.2361,2018
94546,Castro Valley,0.113260789,201808,Huge_Incr,2018,201807,94546,"castro valley, ca",0.2059,0.1389,0.6667,-0.9261,2018
94403,San Mateo,0.16157811,201808,Huge_Incr,2018,201807,94403,"san mateo, ca",0.5294,0.3333,-0.1429,-0.3077,2018
94103,San Francisco,0.104673613,201808,Huge_Incr,2018,201807,94103,"san francisco, ca",-0.1622,-0.2667,0.75,0.1099,2018
94590,Vallejo,0.142177925,201808,Huge_Incr,2018,201807,94590,"vallejo, ca",0.2558,0.3846,0,-0.0947,2018
94114,San Francisco,0.084087158,201808,High_Incr,2018,201807,94114,"san francisco, ca",-0.1071,-0.3293,0,0.12,2018
94107,San Francisco,0.06032851,201808,Moderate_Incr,2018,201807,94107,"san francisco, ca",0,-0.2333,0.125,-0.2195,2018
94539,Fremont,0.169517575,201808,Huge_Incr,2018,201807,94539,"fremont, ca",0.0833,-0.2361,-0.1429,-0.3218,2018
94010,Burlingame,0.177114219,201808,Huge_Incr,2018,201807,94010,"burlingame, ca",-0.125,0.0233,-0.4444,0.0134,2018
94566,Pleasanton,0.150755344,201808,Huge_Incr,2018,201807,94566,"pleasanton, ca",0.1333,0.0152,0.5556,-0.0314,2018
94605,Oakland,0.120935583,201808,Huge_Incr,2018,201807,94605,"oakland, ca",0.0833,-0.1458,0.25,-0.1934,2018
94066,San Bruno,0.202495611,201808,Huge_Incr,2018,201807,94066,"san bruno, ca",0.08,-0.6607,0.25,-0.6889,2018
94601,Oakland,0.12890363,201808,Huge_Incr,2018,201807,94601,"oakland, ca",-0.3913,-0.3108,-0.25,0.0124,2018
94610,Oakland,0.13484963,201808,Huge_Incr,2018,201807,94610,"oakland, ca",0.087,-0.0588,0.1667,-0.367,2018
94025,Menlo Park,0.201204848,201808,Huge_Incr,2018,201807,94025,"menlo park, ca",0.4815,-0.15,1.3333,-0.7194,2018
95476,Sonoma,0.082726514,201808,High_Incr,2018,201807,95476,"sonoma, ca",-0.0333,-0.3333,0.2,-0.0238,2018
94901,San Rafael,0.046488172,201808,Small_Incr,2018,201807,94901,"san rafael, ca",0.0204,0.3684,0.4,-0.0473,2018
94606,Oakland,0.112963179,201808,Huge_Incr,2018,201807,94606,"oakland, ca",0.1176,0.7353,-0.4,-0.192,2018
94040,Mountain View,0.23386892,201808,Huge_Incr,2018,NULL,NULL,NULL,NULL,NULL,NULL,NULL,NULL
94608,Oakland,0.107469225,201808,Huge_Incr,2018,201807,94608,"emeryville, ca",0.0238,0,-0.1,-0.0426,2018
94404,Foster City,0.159761698,201808,Huge_Incr,2018,201807,94404,"san mateo, ca",0.9286,-0.1207,0.6,-1.037,2018
94116,San Francisco,0.124591247,201808,Huge_Incr,2018,201807,94116,"san francisco, ca",-0.0667,-0.0417,-0.2,0.1095,2018
94804,Richmond,0.133232789,201808,Huge_Incr,2018,201807,94804,"richmond, ca",-0.0909,-0.0536,0.125,-0.1955,2018
94560,Newark,0.215358316,201808,Huge_Incr,2018,201807,94560,"newark, ca",0.8667,-0.2083,0.2,-0.8071,2018
94578,San Leandro,0.128584256,201808,Huge_Incr,2018,201807,94578,"san leandro, ca",0.4091,-0.2045,0,-0.824,2018
94044,Pacifica,0.178429311,201808,Huge_Incr,2018,201807,94044,"pacifica, ca",-0.2857,-0.0682,0,-0.0571,2018
94123,San Francisco,0.147005025,201808,Huge_Incr,2018,201807,94123,"san francisco, ca",-0.32,-0.1364,-0.5,-0.0329,2018
94523,Pleasant Hill,0.132578611,201808,Huge_Incr,2018,201807,94523,"pleasant hill, ca",0.0455,0.2273,-0.3333,-0.0237,2018
94303,Palo Alto,0.209526741,201808,Huge_Incr,2018,201807,94303,"palo alto, ca",-0.1,0.3947,-0.375,-0.2,2018
94583,San Ramon,0.073735551,201808,High_Incr,2018,201807,94583,"san ramon, ca",-0.3864,-0.1774,0.1111,-0.2719,2018
94954,Petaluma,0.076442254,201808,High_Incr,2018,201807,94954,"petaluma, ca",0.1071,0.5,-0.2,-0.2304,2018
94531,Antioch,0.120130668,201808,Huge_Incr,2018,201807,94531,"antioch, ca",0.6591,-0.0577,0.3333,-0.859,2018
94561,Oakley,0.063939849,201808,Moderate_Incr,2018,201807,94561,"oakley, ca",0.5833,0,0.2143,-0.6118,2018
95134,San Jose,0.282790081,201808,Huge_Incr,2018,NULL,NULL,NULL,NULL,NULL,NULL,NULL,NULL
94061,Redwood City,0.153195803,201808,Huge_Incr,2018,201807,94061,"redwood city, ca",0.5,-0.3667,0.4,-0.4048,2018
94401,San Mateo,0.187788928,201808,Huge_Incr,2018,201807,94401,"san mateo, ca",0.2963,-0.0588,0,-0.3513,2018
94043,Mountain View,0.247380573,201808,Huge_Incr,2018,201807,94043,"mountain view, ca",1,0.4688,0,-1.125,2018
94131,San Francisco,0.146884516,201808,Huge_Incr,2018,201807,94131,"san francisco, ca",0.0323,-0.4,0.3333,-0.1149,2018
94014,Daly City,0.179298578,201808,Huge_Incr,2018,201807,94014,"daly city, ca",-0.25,-0.0217,-0.1667,-0.1071,2018
94520,Concord,0.199083179,201808,Huge_Incr,2018,201807,94520,"concord, ca",0.6364,0.3696,-0.2222,-0.537,2018
94133,San Francisco,0.078549087,201808,High_Incr,2018,NULL,NULL,NULL,NULL,NULL,NULL,NULL,NULL
94941,Mill Valley,0.036579218,201808,Small_Incr,2018,201807,94941,"mill valley, ca",-0.1731,0.0714,0.75,0.0443,2018
94526,Danville,0.064582849,201808,Moderate_Incr,2018,201807,94526,"danville, ca",0.3115,-0.1974,0.4545,-0.2447,2018
94588,Pleasanton,0.144763464,201808,Huge_Incr,2018,201807,94588,"pleasanton, ca",0.1304,0.1,0.4444,-0.4122,2018
94070,San Carlos,0.158755651,201808,Huge_Incr,2018,201807,94070,"san carlos, ca",0,0.2391,0.25,-0.3125,2018
94903,San Rafael,0.079501683,201808,High_Incr,2018,201807,94903,"san rafael, ca",-0.1951,0.3125,-0.5556,-0.1729,2018
94602,Oakland,0.119244966,201808,Huge_Incr,2018,201807,94602,"oakland, ca",-0.0741,0.1842,-0.25,0.037,2018
94063,Redwood City,0.248458647,201808,Huge_Incr,2018,201807,94063,"redwood city, ca",-0.0714,-0.3421,-0.25,0.1044,2018
94306,Palo Alto,0.198858491,201808,Huge_Incr,2018,201807,94306,"palo alto, ca",0.4167,-0.08,0.25,-0.402,2018
94510,Benicia,0.072470659,201808,High_Incr,2018,201807,94510,"benicia, ca",0.0208,0.5,0.1,0.1148,2018
94607,Oakland,0.093702615,201808,High_Incr,2018,201807,94607,"oakland, ca",-0.413,0.16,-0.25,0.4718,2018
94555,Fremont,0.217148417,201808,Huge_Incr,2018,201807,94555,"fremont, ca",0.619,0.2308,0.3333,-1.2339,2018
94134,San Francisco,0.112755201,201808,Huge_Incr,2018,201807,94134,"san francisco, ca",-0.1364,0.1579,0,-0.4163,2018
94530,El Cerrito,0.12495845,201808,Huge_Incr,2018,201807,94530,"el cerrito, ca",0.125,-0.0682,-0.25,0.0463,2018
94549,Lafayette,0.105657678,201808,Huge_Incr,2018,201807,94549,"lafayette, ca",-0.0545,0.0233,0,-0.1056,2018
94002,Belmont,0.143807342,201808,Huge_Incr,2018,201807,94002,"belmont, ca",0,0.75,0,-0.0667,2018
94596,Walnut Creek,0.080471455,201808,High_Incr,2018,NULL,NULL,NULL,NULL,NULL,NULL,NULL,NULL
94559,Napa,0.051606442,201808,Moderate_Incr,2018,201807,94559,"napa, ca",0.0784,-0.0116,-0.2857,-0.0271,2018
94124,San Francisco,0.096695706,201808,High_Incr,2018,201807,94124,"san francisco, ca",-0.0588,-0.39,0.25,-0.0184,2018
94132,San Francisco,0.144719223,201808,Huge_Incr,2018,201807,94132,"san francisco, ca",1,1.6667,0,-1.6111,2018
94598,Walnut Creek,0.090815307,201808,High_Incr,2018,201807,94598,"walnut creek, ca",0,-0.0179,0.2857,-0.4286,2018
94609,Oakland,0.11407267,201808,Huge_Incr,2018,NULL,NULL,NULL,NULL,NULL,NULL,NULL,NULL
94402,San Mateo,0.160604659,201808,Huge_Incr,2018,201807,94402,"san mateo, ca",0.5714,0.2826,1,-1.0649,2018
94545,Hayward,0.15544732,201808,Huge_Incr,2018,201807,94545,"hayward, ca",-0.2051,0.25,0,-0.2382,2018
94062,Redwood City,0.168098479,201808,Huge_Incr,2018,201807,94062,"redwood city, ca",-0.1552,-0.2411,0.4,0.0932,2018
94585,Suisun City,0.086319388,201808,High_Incr,2018,201807,94585,"suisun city, ca",-0.0385,0.3611,-0.125,-0.1662,2018
94518,Concord,0.073945558,201808,High_Incr,2018,201807,94518,"concord, ca",0.5769,0.1765,0.125,-0.4653,2018
94595,Walnut Creek,0.079939638,201808,High_Incr,2018,201807,94595,"walnut creek, ca",-0.4516,-0.0833,-0.3333,0.5623,2018
94603,Oakland,0.175774975,201808,Huge_Incr,2018,201807,94603,"oakland, ca",-0.0732,0.1364,0.1429,-0.0321,2018
94619,Oakland,0.104520647,201808,Huge_Incr,2018,201807,94619,"oakland, ca",-0.1622,-0.36,0.1429,-0.0209,2018
94801,Richmond,0.122248448,201808,Huge_Incr,2018,201807,94801,"richmond, ca",0.0244,0.3444,-0.1667,-0.4297,2018
94612,Oakland,0.072251607,201808,High_Incr,2018,NULL,NULL,NULL,NULL,NULL,NULL,NULL,NULL
94589,Vallejo,0.13809478,201808,Huge_Incr,2018,201807,94589,"vallejo, ca",1,-0.0227,0.4286,-0.7,2018
94621,Oakland,0.168358185,201808,Huge_Incr,2018,201807,94621,"oakland, ca",-0.1818,0.1296,0.25,0.3737,2018
94580,San Lorenzo,0.133959666,201808,Huge_Incr,2018,201807,94580,"san lorenzo, ca",1.0667,0.2188,0.3333,-0.8731,2018
94704,Berkeley,0.131098639,201808,Huge_Incr,2018,NULL,NULL,NULL,NULL,NULL,NULL,NULL,NULL
94947,Novato,0.063081057,201808,Moderate_Incr,2018,201807,94947,"novato, ca",0.1818,-0.0606,0.3333,-0.1492,2018
94803,El Sobrante,0.179213198,201808,Huge_Incr,2018,201807,94803,"el sobrante, ca",-0.0513,0.3696,-0.125,-0.0028,2018
94030,Millbrae,0.169036231,201808,Huge_Incr,2018,201807,94030,"millbrae, ca",-0.2727,-0.2381,0.1667,-0.142,2018
94085,Sunnyvale,0.310579016,201808,Huge_Incr,2018,201807,94085,"sunnyvale, ca",4,-0.3571,1,-3.76,2018
94703,Berkeley,0.12300939,201808,Huge_Incr,2018,NULL,NULL,NULL,NULL,NULL,NULL,NULL,NULL
94547,Hercules,0.091794479,201808,High_Incr,2018,201807,94547,"hercules, ca",0.0882,-0.0179,0,0.597,2018
94089,Sunnyvale,0.321481738,201808,Huge_Incr,2018,NULL,NULL,NULL,NULL,NULL,NULL,NULL,NULL
94506,Danville,0.084717252,201808,High_Incr,2018,201807,94506,"danville, ca",-0.1059,-0.1,0,0.0336,2018
94706,Albany,0.092055066,201808,High_Incr,2018,201807,94706,"albany, ca",0,1.5,-0.4,0.0667,2018
94024,Los Altos,0.222813624,201808,Huge_Incr,2018,201807,94024,"los altos, ca",0.3636,0.0278,0,-0.6364,2018
94105,San Francisco,0.049005106,201808,Small_Incr,2018,201807,94105,"san francisco, ca",0.0172,-0.0439,0.25,0.012,2018
94702,Berkeley,0.081055973,201808,High_Incr,2018,NULL,NULL,NULL,NULL,NULL,NULL,NULL,NULL
94301,Palo Alto,0.222927656,201808,Huge_Incr,2018,201807,94301,"palo alto, ca",0.05,-0.2547,2,-0.1167,2018
94127,San Francisco,0.126826066,201808,Huge_Incr,2018,201807,94127,"san francisco, ca",0.2143,-0.0833,-0.2,-0.5924,2018
95620,Dixon,0.078325484,201808,High_Incr,2018,201807,95620,"dixon, ca",0.1852,0.125,-0.3333,-0.1493,2018
94022,Los Altos,0.180969272,201808,Huge_Incr,2018,201807,94022,"los altos, ca",-0.2941,-0.2115,-0.4,0.125,2018
94618,Oakland,0.175112151,201808,Huge_Incr,2018,201807,94618,"oakland, ca",0.2857,-0.2292,0.5,-0.0952,2018
94563,Orinda,0.058394413,201808,Moderate_Incr,2018,201807,94563,"orinda, ca",0.1364,-0.0116,0.4,-0.0845,2018
94108,San Francisco,0.030309079,201808,Small_Incr,2018,NULL,NULL,NULL,NULL,NULL,NULL,NULL,NULL
94564,Pinole,0.09931211,201808,High_Incr,2018,201807,94564,"pinole, ca",-0.5,-0.2286,-0.1667,0.5,2018
94949,Novato,0.090199255,201808,High_Incr,2018,201807,94949,"novato, ca",0.2105,-0.0645,-0.25,-0.135,2018
94579,San Leandro,0.12170914,201808,Huge_Incr,2018,NULL,NULL,NULL,NULL,NULL,NULL,NULL,NULL
94945,Novato,0.067273477,201808,Moderate_Incr,2018,201807,94945,"novato, ca",0.1429,-0.2159,0,0.058,2018
94019,Half Moon Bay,0.152901971,201808,Huge_Incr,2018,201807,94019,"half moon bay, ca",0.1667,-0.4655,0.25,0.2048,2018
94705,Berkeley,0.164601263,201808,Huge_Incr,2018,201807,94705,"berkeley, ca",0.5333,-0.1556,0.5,-0.1449,2018
94503,American Canyon,0.070331586,201808,High_Incr,2018,201807,94503,"american canyon, ca",0.1852,0.3226,-0.25,-0.0093,2018
94960,San Anselmo,0.071691619,201808,High_Incr,2018,201807,94960,"san anselmo, ca",0.2941,-0.0806,-0.3333,-0.1979,2018
94920,Tiburon,0.069740058,201808,Moderate_Incr,2018,201807,94920,"belvedere tiburon, ca",0.2586,0.1917,0.3333,-0.1145,2018
94965,Sausalito,0.007934746,201808,Stable_Incr,2018,201807,94965,"sausalito, ca",-0.1481,0.0326,-0.5,0.0258,2018
94507,Alamo,0.051244056,201808,Moderate_Incr,2018,201807,94507,"alamo, ca",0.0192,0.1053,0.5,-0.1422,2018
94556,Moraga,0.020063789,201808,Stable_Incr,2018,201807,94556,"moraga, ca",-0.5278,0.0909,-0.5,0.469,2018
94709,Berkeley,0.138354489,201808,Huge_Incr,2018,NULL,NULL,NULL,NULL,NULL,NULL,NULL,NULL
94571,Rio Vista,0.083268219,201808,High_Incr,2018,201807,94571,"rio vista, ca",0.4857,0.05,0.1667,-0.2264,2018
94805,Richmond,0.147689013,201808,Huge_Incr,2018,201807,94805,"richmond, ca",0.6667,-0.0577,2,-0.0267,2018
94707,Berkeley,0.100742879,201808,Huge_Incr,2018,NULL,NULL,NULL,NULL,NULL,NULL,NULL,NULL
94904,Kentfield,0.030834268,201808,Small_Incr,2018,201807,94904,"greenbrae, ca",0.4545,-0.3243,2,-0.1619,2018
94502,Alameda,0.057373124,201808,Moderate_Incr,2018,NULL,NULL,NULL,NULL,NULL,NULL,NULL,NULL
94542,Hayward,0.106885992,201808,Huge_Incr,2018,201807,94542,"hayward, ca",0.1333,-0.1034,0,-0.702,2018
94517,Clayton,0.023279949,201808,Stable_Incr,2018,201807,94517,"clayton, ca",0,0.0167,0,-0.3333,2018
94065,Redwood City,0.169998959,201808,Huge_Incr,2018,NULL,NULL,NULL,NULL,NULL,NULL,NULL,NULL
94552,Castro Valley,0.120318587,201808,Huge_Incr,2018,201807,94552,"castro valley, ca",-0.36,-0.3289,0,-0.0225,2018
94708,Berkeley,0.070341293,201808,High_Incr,2018,NULL,NULL,NULL,NULL,NULL,NULL,NULL,NULL
94305,Stanford,0.172906103,201808,Huge_Incr,2018,NULL,NULL,NULL,NULL,NULL,NULL,NULL,NULL
94925,Corte Madera,0.029798129,201808,Stable_Incr,2018,NULL,NULL,NULL,NULL,NULL,NULL,NULL,NULL
94930,Fairfax,0.006072267,201808,Stable_Incr,2018,NULL,NULL,NULL,NULL,NULL,NULL,NULL,NULL
94939,Larkspur,0.048057655,201808,Small_Incr,2018,NULL,NULL,NULL,NULL,NULL,NULL,NULL,NULL
94710,Berkeley,0.116684168,201808,Huge_Incr,2018,NULL,NULL,NULL,NULL,NULL,NULL,NULL,NULL
94572,Rodeo,0.15402479,201808,Huge_Incr,2018,NULL,NULL,NULL,NULL,NULL,NULL,NULL,NULL
94028,Portola Valley,0.182456314,201808,Huge_Incr,2018,NULL,NULL,NULL,NULL,NULL,NULL,NULL,NULL
94304,Palo Alto,0.173672752,201808,Huge_Incr,2018,NULL,NULL,NULL,NULL,NULL,NULL,NULL,NULL
94027,Atherton,0.168918973,201808,Huge_Incr,2018,201807,94027,"atherton, ca",-0.0435,-0.0272,-1,-0.0771,2018
94111,San Francisco,0.031134494,201808,Small_Incr,2018,NULL,NULL,NULL,NULL,NULL,NULL,NULL,NULL
94038,Moss Beach,0.155453928,201808,Huge_Incr,2018,NULL,NULL,NULL,NULL,NULL,NULL,NULL,NULL
94005,Brisbane,0.149441855,201808,Huge_Incr,2018,NULL,NULL,NULL,NULL,NULL,NULL,NULL,NULL
94535,Fairfield,0.076860658,201808,High_Incr,2018,NULL,NULL,NULL,NULL,NULL,NULL,NULL,NULL
94525,Crockett,0.135856351,201808,Huge_Incr,2018,NULL,NULL,NULL,NULL,NULL,NULL,NULL,NULL
95002,San Jose,0.204589662,201808,Huge_Incr,2018,NULL,NULL,NULL,NULL,NULL,NULL,NULL,NULL
94973,Woodacre,0.000269914,201808,Stable_Incr,2018,NULL,NULL,NULL,NULL,NULL,NULL,NULL,NULL
94586,Sunol,0.138386594,201808,Huge_Incr,2018,NULL,NULL,NULL,NULL,NULL,NULL,NULL,NULL
94933,Lagunitas,0.024715253,201808,Stable_Incr,2018,NULL,NULL,NULL,NULL,NULL,NULL,NULL,NULL
94104,San Francisco,0.024624162,201808,Stable_Incr,2018,NULL,NULL,NULL,NULL,NULL,NULL,NULL,NULL
94528,Diablo,0.066256411,201808,Moderate_Incr,2018,NULL,NULL,NULL,NULL,NULL,NULL,NULL,NULL
94970,Stinson Beach,0.15689058,201808,Huge_Incr,2018,NULL,NULL,NULL,NULL,NULL,NULL,NULL,NULL
94514,Byron,0.104591192,201808,Huge_Incr,2018,NULL,NULL,NULL,NULL,NULL,NULL,NULL,NULL
94963,San Geronimo,0.006542969,201808,Stable_Incr,2018,NULL,NULL,NULL,NULL,NULL,NULL,NULL,NULL
94938,Lagunitas,0.006803533,201808,Stable_Incr,2018,NULL,NULL,NULL,NULL,NULL,NULL,NULL,NULL
94946,Nicasio,0.005677966,201808,Stable_Incr,2018,NULL,NULL,NULL,NULL,NULL,NULL,NULL,NULL
94592,Vallejo,0.080027748,201808,High_Incr,2018,NULL,NULL,NULL,NULL,NULL,NULL,NULL,NULL
94964,San Quentin,0.03387342,201808,Small_Incr,2018,NULL,NULL,NULL,NULL,NULL,NULL,NULL,NULL
95140,East Foothills,0.126681135,201808,Huge_Incr,2018,NULL,NULL,NULL,NULL,NULL,NULL,NULL,NULL
94512,Birds Landing,0.035012281,201808,Small_Incr,2018,NULL,NULL,NULL,NULL,NULL,NULL,NULL,NULL
94109,San Francisco,0.040762179,201708,Small_Incr,2017,201707,94109,"san francisco, ca",0.24,0.0278,0.4,-0.6077,2017
94565,Pittsburg,0.040806205,201708,Small_Incr,2017,201707,94565,"pittsburg, ca",-0.2636,0.0333,-0.1429,0.4908,2017
94501,Alameda,0.080007241,201708,High_Incr,2017,201707,94501,"alameda, ca",0.1818,-0.2903,1.1667,-0.1282,2017
94110,San Francisco,0.062054373,201708,Moderate_Incr,2017,201707,94110,"san francisco, ca",-0.1923,0.2,-0.3333,0.1694,2017
94558,Napa,0.044049337,201708,Small_Incr,2017,201707,94558,"napa, ca",-0.0854,-0.1818,-0.087,0.0025,2017
94533,Fairfield,0.091744599,201708,High_Incr,2017,201707,94533,"fairfield, ca",-0.1647,-0.2414,-0.0556,0.1607,2017
94536,Fremont,0.059414642,201708,Moderate_Incr,2017,201707,94536,"fremont, ca",-0.5347,0.16,-0.375,0.466,2017
95035,Milpitas,0.080281184,201708,High_Incr,2017,201707,95035,"milpitas, ca",-0.434,0.25,-0.2941,0.6994,2017
94544,Hayward,0.077780609,201708,High_Incr,2017,201707,94544,"hayward, ca",-0.2388,-0.0741,-0.0714,-0.01,2017
94568,Dublin,0.038576429,201708,Small_Incr,2017,201707,94568,"dublin, ca",-0.456,0.087,-0.1364,0.7751,2017
94509,Antioch,0.12069798,201708,Huge_Incr,2017,201707,94509,"antioch, ca",-0.4526,0.2632,-0.28,0.7154,2017
94122,San Francisco,0.076840058,201708,High_Incr,2017,201707,94122,"san francisco, ca",-0.2632,0.0968,-0.25,0.1466,2017
94541,Hayward,0.080275702,201708,High_Incr,2017,201707,94541,"hayward, ca",-0.1714,-0.1724,-0.0588,0.2478,2017
94538,Fremont,0.073854245,201708,High_Incr,2017,201707,94538,"fremont, ca",-0.4308,-0.1818,-0.0526,0.6453,2017
94513,Brentwood,0.074442883,201708,High_Incr,2017,201707,94513,"brentwood, ca",-0.0339,0.0588,-0.0588,-0.1367,2017
94587,Union City,0.088011237,201708,High_Incr,2017,201707,94587,"union city, ca",-0.5063,-0.0435,-0.2857,0.8455,2017
94080,South San Francisco,0.065891931,201708,Moderate_Incr,2017,201707,94080,"south san francisco, ca",-0.4677,0.2727,-0.35,0.2854,2017
94112,San Francisco,0.101365746,201708,Huge_Incr,2017,201707,94112,"san francisco, ca",-0.3214,-0.04,0.1111,0.391,2017
94087,Sunnyvale,0.09994821,201708,High_Incr,2017,NULL,NULL,NULL,NULL,NULL,NULL,NULL,NULL
94086,Sunnyvale,0.127430933,201708,Huge_Incr,2017,NULL,NULL,NULL,NULL,NULL,NULL,NULL,NULL
94806,San Pablo,0.096384206,201708,High_Incr,2017,201707,94806,"san pablo, ca",-0.2167,-0.2,-0.0833,-0.2798,2017
94591,Vallejo,0.068357133,201708,Moderate_Incr,2017,201707,94591,"vallejo, ca",-0.1122,-0.1154,-0.1364,-0.0083,2017
94553,Martinez,0.056442137,201708,Moderate_Incr,2017,201707,94553,"martinez, ca",-0.1354,-0.0606,-0.2692,0.0153,2017
94015,Daly City,0.070803783,201708,High_Incr,2017,201707,94015,"daly city, ca",-0.1579,-0.4,0.2727,0.3438,2017
94115,San Francisco,0.054739414,201708,Moderate_Incr,2017,201707,94115,"san francisco, ca",-0.1034,0.2759,0,0.0716,2017
94117,San Francisco,0.075071595,201708,High_Incr,2017,201707,94117,"san francisco, ca",-0.2857,-0.2821,0,-0.1905,2017
94102,San Francisco,0.021839573,201708,Stable_Incr,2017,NULL,NULL,NULL,NULL,NULL,NULL,NULL,NULL
94121,San Francisco,0.051287707,201708,Moderate_Incr,2017,201707,94121,"san francisco, ca",-0.6053,0.0833,-0.25,0.6193,2017
94611,Oakland,0.07829213,201708,High_Incr,2017,201707,94611,"oakland, ca",-0.2353,0.2083,0,-0.1233,2017
94550,Livermore,0.043846395,201708,Small_Incr,2017,201707,94550,"livermore, ca",-0.386,-0.2571,-0.2632,0.0556,2017
94577,San Leandro,0.063566542,201708,Moderate_Incr,2017,201707,94577,"san leandro, ca",-0.4038,0.1304,-0.25,0.1098,2017
94118,San Francisco,0.033008979,201708,Small_Incr,2017,NULL,NULL,NULL,NULL,NULL,NULL,NULL,NULL
94546,Castro Valley,0.059350452,201708,Moderate_Incr,2017,201707,94546,"castro valley, ca",-0.4333,0.125,-0.4,0.9696,2017
94403,San Mateo,0.097600032,201708,High_Incr,2017,201707,94403,"san mateo, ca",-0.4516,-0.3182,-0.3,0.5806,2017
94103,San Francisco,0.015115007,201708,Stable_Incr,2017,201707,94103,"san francisco, ca",-0.1395,-0.2857,-0.2,0.242,2017
94590,Vallejo,0.124974076,201708,Huge_Incr,2017,201707,94590,"vallejo, ca",-0.2182,-0.1613,0,0.0833,2017
94114,San Francisco,0.080404176,201708,High_Incr,2017,201707,94114,"san francisco, ca",-0.3333,0.1389,-0.2857,0.2381,2017
94107,San Francisco,0.030093527,201708,Small_Incr,2017,201707,94107,"san francisco, ca",-0.4225,-0.2105,-0.1111,0.5033,2017
94539,Fremont,0.087683914,201708,High_Incr,2017,201707,94539,"fremont, ca",-0.5122,0.1613,-0.3,0.6793,2017
94010,Burlingame,0.068385673,201708,Moderate_Incr,2017,201707,94010,"burlingame, ca",0.0323,0.1026,-0.1,0.126,2017
94566,Pleasanton,0.035203836,201708,Small_Incr,2017,201707,94566,"pleasanton, ca",-0.2857,-0.1538,-0.4375,0.0524,2017
94605,Oakland,0.10076535,201708,Huge_Incr,2017,201707,94605,"oakland, ca",-0.1429,-0.1724,-0.25,0.1806,2017
94066,San Bruno,0.062202097,201708,Moderate_Incr,2017,201707,94066,"san bruno, ca",-0.5,-0.0968,0,0.86,2017
94601,Oakland,0.127400128,201708,Huge_Incr,2017,201707,94601,"oakland, ca",0.2105,0.2759,0.3333,-0.238,2017
94610,Oakland,0.135419238,201708,Huge_Incr,2017,201707,94610,"oakland, ca",0.3529,0.0625,-0.1429,-0.266,2017
94025,Menlo Park,0.045408736,201708,Small_Incr,2017,201707,94025,"menlo park, ca",-0.2703,-0.0244,-0.4,0.4985,2017
95476,Sonoma,0.036808235,201708,Small_Incr,2017,201707,95476,"sonoma, ca",-0.0909,0.1579,0.1111,-0.002,2017
94901,San Rafael,0.084621166,201708,High_Incr,2017,201707,94901,"san rafael, ca",-0.2097,0.1176,0,-0.0197,2017
94606,Oakland,0.134338667,201708,Huge_Incr,2017,201707,94606,"oakland, ca",0.3077,-0.4138,4,-0.0995,2017
94040,Mountain View,0.083544846,201708,High_Incr,2017,NULL,NULL,NULL,NULL,NULL,NULL,NULL,NULL
94608,Oakland,0.059121967,201708,Moderate_Incr,2017,201707,94608,"emeryville, ca",-0.16,0.3158,0,-0.0067,2017
94404,Foster City,0.075818475,201708,High_Incr,2017,201707,94404,"san mateo, ca",-0.4815,-0.0333,-0.2857,0.5185,2017
94116,San Francisco,0.100358315,201708,Huge_Incr,2017,201707,94116,"san francisco, ca",-0.25,-0.1724,0.25,0.2833,2017
94804,Richmond,0.108491808,201708,Huge_Incr,2017,201707,94804,"richmond, ca",-0.2903,0.12,-0.2727,0.3277,2017
94560,Newark,0.088576327,201708,High_Incr,2017,201707,94560,"newark, ca",-0.5588,-0.1111,-0.4444,0.7882,2017
94578,San Leandro,0.090728135,201708,High_Incr,2017,201707,94578,"san leandro, ca",-0.1852,0.2941,-0.2222,0.3569,2017
94044,Pacifica,0.0622728,201708,Moderate_Incr,2017,201707,94044,"pacifica, ca",-0.4815,-0.0435,-0.4286,0.2646,2017
94123,San Francisco,0.069364776,201708,Moderate_Incr,2017,201707,94123,"san francisco, ca",0.1905,0,0,-0.0819,2017
94523,Pleasant Hill,0.105299298,201708,Huge_Incr,2017,201707,94523,"pleasant hill, ca",0.1282,-0.0833,0.3333,-0.3904,2017
94303,Palo Alto,0.085184605,201708,High_Incr,2017,201707,94303,"palo alto, ca",-0.4737,-0.0952,0,0.4632,2017
94583,San Ramon,0.043935696,201708,Small_Incr,2017,201707,94583,"san ramon, ca",-0.3125,0,-0.3077,0.7713,2017
94954,Petaluma,0.066988989,201708,Moderate_Incr,2017,201707,94954,"petaluma, ca",0.5556,-0.4444,1,-0.5635,2017
94531,Antioch,0.07903527,201708,High_Incr,2017,201707,94531,"antioch, ca",-0.12,0.4444,-0.1429,0.2464,2017
94561,Oakley,0.077272627,201708,High_Incr,2017,201707,94561,"oakley, ca",-0.2615,-0.0345,0,0.1788,2017
95134,San Jose,0.086425557,201708,High_Incr,2017,NULL,NULL,NULL,NULL,NULL,NULL,NULL,NULL
94061,Redwood City,0.082388604,201708,High_Incr,2017,201707,94061,"redwood city, ca",-0.6111,0,-0.2857,0.9802,2017
94401,San Mateo,0.138161169,201708,Huge_Incr,2017,201707,94401,"san mateo, ca",-0.069,0.4783,-0.1429,0.106,2017
94043,Mountain View,0.09898019,201708,High_Incr,2017,NULL,NULL,NULL,NULL,NULL,NULL,NULL,NULL
94131,San Francisco,0.042945223,201708,Small_Incr,2017,201707,94131,"san francisco, ca",0.069,-0.3617,2,-0.0122,2017
94014,Daly City,0.057698263,201708,Moderate_Incr,2017,201707,94014,"daly city, ca",-0.2632,0.2105,-0.3333,0.3402,2017
94520,Concord,0.121102888,201708,Huge_Incr,2017,201707,94520,"concord, ca",-0.0294,0.0455,0.2857,0.1569,2017
94133,San Francisco,0.057767853,201708,Moderate_Incr,2017,NULL,NULL,NULL,NULL,NULL,NULL,NULL,NULL
94941,Mill Valley,0.054879204,201708,Moderate_Incr,2017,201707,94941,"mill valley, ca",-0.2121,-0.16,-0.2,-0.0763,2017
94526,Danville,0.033553658,201708,Small_Incr,2017,201707,94526,"danville, ca",-0.3146,0.0857,-0.1538,0.0781,2017
94588,Pleasanton,0.035658518,201708,Small_Incr,2017,201707,94588,"pleasanton, ca",-0.098,-0.3056,0,0.5529,2017
94070,San Carlos,0.075367224,201708,High_Incr,2017,201707,94070,"san carlos, ca",-0.4483,-0.2069,-0.4286,0.2241,2017
94903,San Rafael,0.062395218,201708,Moderate_Incr,2017,201707,94903,"san rafael, ca",-0.2931,-0.0303,0.5,0.2435,2017
94602,Oakland,0.079667837,201708,High_Incr,2017,201707,94602,"oakland, ca",-0.1563,-0.05,-0.1111,0.0255,2017
94063,Redwood City,0.093929409,201708,High_Incr,2017,201707,94063,"redwood city, ca",-0.125,-0.3448,1,-0.3304,2017
94306,Palo Alto,0.092683758,201708,High_Incr,2017,NULL,NULL,NULL,NULL,NULL,NULL,NULL,NULL
94510,Benicia,0.054315038,201708,Moderate_Incr,2017,201707,94510,"benicia, ca",-0.1864,-0.5,0.6667,-0.0148,2017
94607,Oakland,0.082448006,201708,High_Incr,2017,201707,94607,"oakland, ca",0.5862,0,0.6,-0.5727,2017
94555,Fremont,0.048860272,201708,Small_Incr,2017,201707,94555,"fremont, ca",-0.5714,-0.4091,-0.1818,1.381,2017
94134,San Francisco,0.119380738,201708,Huge_Incr,2017,201707,94134,"san francisco, ca",-0.0435,-0.525,0.25,0.4941,2017
94530,El Cerrito,0.102388829,201708,Huge_Incr,2017,201707,94530,"el cerrito, ca",-0.1724,-0.2903,0.6,-0.2098,2017
94549,Lafayette,0.063120336,201708,Moderate_Incr,2017,201707,94549,"lafayette, ca",0.1224,0,-0.1111,0.3058,2017
94002,Belmont,0.071521216,201708,High_Incr,2017,201707,94002,"belmont, ca",0.0714,-0.5429,0,-0.3857,2017
94596,Walnut Creek,0.060291838,201708,Moderate_Incr,2017,201707,94596,"walnut creek, ca",-0.3846,-0.25,0.2,0.5625,2017
94559,Napa,0.046000837,201708,Small_Incr,2017,201707,94559,"napa, ca",-0.0556,0.1026,-0.3,-0.0719,2017
94124,San Francisco,0.093466538,201708,High_Incr,2017,201707,94124,"san francisco, ca",-0.0556,0.7241,0.3333,0.2892,2017
94132,San Francisco,0.096961716,201708,High_Incr,2017,NULL,NULL,NULL,NULL,NULL,NULL,NULL,NULL
94598,Walnut Creek,0.058621475,201708,Moderate_Incr,2017,201707,94598,"walnut creek, ca",0.0294,-0.0345,-0.3,-0.0975,2017
94609,Oakland,0.089211429,201708,High_Incr,2017,NULL,NULL,NULL,NULL,NULL,NULL,NULL,NULL
94402,San Mateo,0.085841713,201708,High_Incr,2017,NULL,NULL,NULL,NULL,NULL,NULL,NULL,NULL
94545,Hayward,0.090054939,201708,High_Incr,2017,201707,94545,"hayward, ca",0,-0.4286,-0.1111,-0.0513,2017
94062,Redwood City,0.049851088,201708,Small_Incr,2017,201707,94062,"redwood city, ca",-0.1714,0.3023,-0.4444,-0.0177,2017
94585,Suisun City,0.077960588,201708,High_Incr,2017,201707,94585,"suisun city, ca",-0.2121,-0.3793,-0.1111,0.1492,2017
94518,Concord,0.069044725,201708,Moderate_Incr,2017,201707,94518,"concord, ca",-0.4348,-0.2273,-0.2,0.4298,2017
94595,Walnut Creek,0.059856399,201708,Moderate_Incr,2017,201707,94595,"walnut creek, ca",0.4531,0.1613,0,-0.3276,2017
94603,Oakland,0.094267425,201708,High_Incr,2017,201707,94603,"oakland, ca",0.5769,-0.2903,1.3333,-0.8809,2017
94619,Oakland,0.051753072,201708,Moderate_Incr,2017,201707,94619,"oakland, ca",-0.0263,0.1364,-0.125,-0.0818,2017
94801,Richmond,0.159350263,201708,Huge_Incr,2017,201707,94801,"richmond, ca",0.1389,0.875,-0.1429,-0.1457,2017
94612,Oakland,0.054876247,201708,Moderate_Incr,2017,NULL,NULL,NULL,NULL,NULL,NULL,NULL,NULL
94589,Vallejo,0.096943226,201708,High_Incr,2017,201707,94589,"vallejo, ca",-0.5,0.0476,-0.2222,0.575,2017
94621,Oakland,0.133120221,201708,Huge_Incr,2017,201707,94621,"oakland, ca",-0.4211,-0.2895,-0.3333,0.1029,2017
94580,San Lorenzo,0.08699142,201708,High_Incr,2017,201707,94580,"san lorenzo, ca",-0.4231,-0.2,-0.1429,0.6821,2017
94704,Berkeley,0.095348739,201708,High_Incr,2017,NULL,NULL,NULL,NULL,NULL,NULL,NULL,NULL
94947,Novato,0.050593147,201708,Moderate_Incr,2017,201707,94947,"novato, ca",0.2692,0.32,0.2,-0.2483,2017
94803,El Sobrante,0.16895275,201708,Huge_Incr,2017,201707,94803,"el sobrante, ca",-0.22,-0.2333,-0.1111,0.0087,2017
94030,Millbrae,0.064962673,201708,Moderate_Incr,2017,201707,94030,"millbrae, ca",-0.12,-0.4167,0.2,0.6145,2017
94085,Sunnyvale,0.111101879,201708,Huge_Incr,2017,NULL,NULL,NULL,NULL,NULL,NULL,NULL,NULL
94703,Berkeley,0.072788459,201708,High_Incr,2017,NULL,NULL,NULL,NULL,NULL,NULL,NULL,NULL
94547,Hercules,0.008980926,201708,Stable_Incr,2017,201707,94547,"hercules, ca",-0.4035,0.037,0.1111,0.2162,2017
94089,Sunnyvale,0.07629826,201708,High_Incr,2017,NULL,NULL,NULL,NULL,NULL,NULL,NULL,NULL
94506,Danville,0.050364725,201708,Moderate_Incr,2017,201707,94506,"danville, ca",-0.0659,-0.1,-0.3846,0.0004,2017
94706,Albany,0.100781165,201708,Huge_Incr,2017,201707,94706,"albany, ca",-0.1667,-0.25,1.5,-0.1333,2017
94024,Los Altos,0.082480904,201708,High_Incr,2017,NULL,NULL,NULL,NULL,NULL,NULL,NULL,NULL
94105,San Francisco,-0.012553371,201708,Small_Decr,2017,201707,94105,"san francisco, ca",-0.1343,0.2955,-0.2,-0.0502,2017
94702,Berkeley,0.126790254,201708,Huge_Incr,2017,NULL,NULL,NULL,NULL,NULL,NULL,NULL,NULL
94301,Palo Alto,0.048133145,201708,Small_Incr,2017,201707,94301,"palo alto, ca",-0.1304,0.4324,-0.6667,-0.2022,2017
94127,San Francisco,0.103516979,201708,Huge_Incr,2017,201707,94127,"san francisco, ca",-0.4815,-0.04,-0.2857,0.5794,2017
95620,Dixon,0.053153024,201708,Moderate_Incr,2017,201707,95620,"dixon, ca",0.1739,-0.0345,0.2,0.1208,2017
94022,Los Altos,0.067772809,201708,Moderate_Incr,2017,201707,94022,"los altos, ca",-0.1053,0.3333,0.6667,0.0789,2017
94618,Oakland,0.118179337,201708,Huge_Incr,2017,201707,94618,"oakland, ca",-0.4167,-0.1724,0,0.1786,2017
94563,Orinda,0.045120091,201708,Small_Incr,2017,201707,94563,"orinda, ca",-0.12,0.0238,-0.375,0.0445,2017
94108,San Francisco,0.039421509,201708,Small_Incr,2017,NULL,NULL,NULL,NULL,NULL,NULL,NULL,NULL
94564,Pinole,0.070759703,201708,High_Incr,2017,201707,94564,"pinole, ca",-0.2889,0.0938,-0.1429,0.2569,2017
94949,Novato,0.04862316,201708,Small_Incr,2017,201707,94949,"novato, ca",-0.1739,-0.1389,-0.2,-0.2128,2017
94579,San Leandro,0.072612922,201708,High_Incr,2017,NULL,NULL,NULL,NULL,NULL,NULL,NULL,NULL
94945,Novato,0.041598615,201708,Small_Incr,2017,201707,94945,"novato, ca",0.0769,0.0233,-0.5,-0.3681,2017
94019,Half Moon Bay,0.046782223,201708,Small_Incr,2017,201707,94019,"half moon bay, ca",-0.4643,0,-0.3333,0.2274,2017
94705,Berkeley,0.106320062,201708,Huge_Incr,2017,201707,94705,"berkeley, ca",-0.1667,0.8,-0.3333,-0.0556,2017
94503,American Canyon,0.085711645,201708,High_Incr,2017,201707,94503,"american canyon, ca",0.1739,0.8235,-0.5,-0.306,2017
94960,San Anselmo,0.061408283,201708,Moderate_Incr,2017,201707,94960,"san anselmo, ca",-0.2273,0,-0.25,-0.0749,2017
94920,Tiburon,0.129689181,201708,Huge_Incr,2017,201707,94920,"belvedere tiburon, ca",-0.1714,-0.0164,-0.4,0.1527,2017
94965,Sausalito,0.064602868,201708,Moderate_Incr,2017,201707,94965,"sausalito, ca",-0.069,-0.2069,0.3333,-0.0243,2017
94507,Alamo,0.055818434,201708,Moderate_Incr,2017,201707,94507,"alamo, ca",-0.1034,-0.2692,-0.2,0.0557,2017
94556,Moraga,0.091623751,201708,High_Incr,2017,201707,94556,"moraga, ca",0.44,0.2222,0.2,-0.2078,2017
94709,Berkeley,0.109217097,201708,Huge_Incr,2017,NULL,NULL,NULL,NULL,NULL,NULL,NULL,NULL
94571,Rio Vista,0.065509833,201708,Moderate_Incr,2017,201707,94571,"rio vista, ca",-0.2045,0,-0.25,0.139,2017
94805,Richmond,0.118273132,201708,Huge_Incr,2017,201707,94805,"richmond, ca",-0.1176,0.2381,-0.6,0.0196,2017
94707,Berkeley,0.121818251,201708,Huge_Incr,2017,201707,94707,"berkeley, ca",0.3,0.4091,0,0.3077,2017
94904,Kentfield,0.061084911,201708,Moderate_Incr,2017,201707,94904,"greenbrae, ca",-0.12,0.7209,-0.5,-0.0018,2017
94502,Alameda,0.078073599,201708,High_Incr,2017,NULL,NULL,NULL,NULL,NULL,NULL,NULL,NULL
94542,Hayward,0.069996902,201708,Moderate_Incr,2017,201707,94542,"hayward, ca",-0.3617,-0.3696,0,0.9986,2017
94517,Clayton,0.044807938,201708,Small_Incr,2017,201707,94517,"clayton, ca",-0.2258,-0.25,0.6667,0.2392,2017
94065,Redwood City,0.0552909,201708,Moderate_Incr,2017,NULL,NULL,NULL,NULL,NULL,NULL,NULL,NULL
94552,Castro Valley,0.035276154,201708,Small_Incr,2017,201707,94552,"castro valley, ca",-0.1667,0.3571,-0.5,0.2267,2017
94708,Berkeley,0.05350094,201708,Moderate_Incr,2017,NULL,NULL,NULL,NULL,NULL,NULL,NULL,NULL
94305,Stanford,0.084266573,201708,High_Incr,2017,NULL,NULL,NULL,NULL,NULL,NULL,NULL,NULL
94925,Corte Madera,0.056244204,201708,Moderate_Incr,2017,NULL,NULL,NULL,NULL,NULL,NULL,NULL,NULL
94930,Fairfax,0.093997509,201708,High_Incr,2017,201707,94930,"fairfax, ca",0.75,0.5385,1,-0.3214,2017
94939,Larkspur,0.076176399,201708,High_Incr,2017,NULL,NULL,NULL,NULL,NULL,NULL,NULL,NULL
94710,Berkeley,0.105720316,201708,Huge_Incr,2017,NULL,NULL,NULL,NULL,NULL,NULL,NULL,NULL
94572,Rodeo,0.133555011,201708,Huge_Incr,2017,NULL,NULL,NULL,NULL,NULL,NULL,NULL,NULL
94028,Portola Valley,-0.060596691,201708,Moderate_Decr,2017,201707,94028,"portola valley, ca",0.4444,0.2593,-1,-0.4274,2017
94304,Palo Alto,0.049833343,201708,Small_Incr,2017,NULL,NULL,NULL,NULL,NULL,NULL,NULL,NULL
94027,Atherton,0.085703559,201708,High_Incr,2017,201707,94027,"atherton, ca",-0.3429,0.0337,0,0.0472,2017
94111,San Francisco,0.033605886,201708,Small_Incr,2017,NULL,NULL,NULL,NULL,NULL,NULL,NULL,NULL
94038,Moss Beach,0.064452167,201708,Moderate_Incr,2017,NULL,NULL,NULL,NULL,NULL,NULL,NULL,NULL
94005,Brisbane,0.051801219,201708,Moderate_Incr,2017,NULL,NULL,NULL,NULL,NULL,NULL,NULL,NULL
94535,Fairfield,0.041358269,201708,Small_Incr,2017,NULL,NULL,NULL,NULL,NULL,NULL,NULL,NULL
94525,Crockett,0.100201191,201708,Huge_Incr,2017,NULL,NULL,NULL,NULL,NULL,NULL,NULL,NULL
95002,San Jose,0.078910924,201708,High_Incr,2017,NULL,NULL,NULL,NULL,NULL,NULL,NULL,NULL
94973,Woodacre,0.070168043,201708,High_Incr,2017,NULL,NULL,NULL,NULL,NULL,NULL,NULL,NULL
94586,Sunol,0.008689548,201708,Stable_Incr,2017,NULL,NULL,NULL,NULL,NULL,NULL,NULL,NULL
94933,Lagunitas,0.02252769,201708,Stable_Incr,2017,NULL,NULL,NULL,NULL,NULL,NULL,NULL,NULL
94104,San Francisco,0.013391646,201708,Stable_Incr,2017,NULL,NULL,NULL,NULL,NULL,NULL,NULL,NULL
94528,Diablo,0.057030128,201708,Moderate_Incr,2017,NULL,NULL,NULL,NULL,NULL,NULL,NULL,NULL
94970,Stinson Beach,0.193745551,201708,Huge_Incr,2017,NULL,NULL,NULL,NULL,NULL,NULL,NULL,NULL
94514,Byron,0.080583954,201708,High_Incr,2017,NULL,NULL,NULL,NULL,NULL,NULL,NULL,NULL
94963,San Geronimo,0.017044519,201708,Stable_Incr,2017,NULL,NULL,NULL,NULL,NULL,NULL,NULL,NULL
94938,Lagunitas,-0.009542481,201708,Small_Decr,2017,NULL,NULL,NULL,NULL,NULL,NULL,NULL,NULL
94946,Nicasio,0.04966838,201708,Small_Incr,2017,NULL,NULL,NULL,NULL,NULL,NULL,NULL,NULL
94592,Vallejo,0.068401832,201708,Moderate_Incr,2017,NULL,NULL,NULL,NULL,NULL,NULL,NULL,NULL
94964,San Quentin,0.105299795,201708,Huge_Incr,2017,NULL,NULL,NULL,NULL,NULL,NULL,NULL,NULL
95140,East Foothills,0.123978326,201708,Huge_Incr,2017,NULL,NULL,NULL,NULL,NULL,NULL,NULL,NULL
94512,Birds Landing,0.048076943,201708,Small_Incr,2017,NULL,NULL,NULL,NULL,NULL,NULL,NULL,NULL
94109,San Francisco,-0.02426066,201608,Small_Decr,2016,NULL,NULL,NULL,NULL,NULL,NULL,NULL,NULL
94565,Pittsburg,0.075818336,201608,High_Incr,2016,NULL,NULL,NULL,NULL,NULL,NULL,NULL,NULL
94501,Alameda,0.089048673,201608,High_Incr,2016,NULL,NULL,NULL,NULL,NULL,NULL,NULL,NULL
94110,San Francisco,0.000697654,201608,Stable_Incr,2016,NULL,NULL,NULL,NULL,NULL,NULL,NULL,NULL
94558,Napa,0.074434184,201608,High_Incr,2016,NULL,NULL,NULL,NULL,NULL,NULL,NULL,NULL
94533,Fairfield,0.129355113,201608,Huge_Incr,2016,NULL,NULL,NULL,NULL,NULL,NULL,NULL,NULL
94536,Fremont,0.109232841,201608,Huge_Incr,2016,NULL,NULL,NULL,NULL,NULL,NULL,NULL,NULL
95035,Milpitas,0.072487897,201608,High_Incr,2016,NULL,NULL,NULL,NULL,NULL,NULL,NULL,NULL
94544,Hayward,0.11789097,201608,Huge_Incr,2016,NULL,NULL,NULL,NULL,NULL,NULL,NULL,NULL
94568,Dublin,0.073891727,201608,High_Incr,2016,NULL,NULL,NULL,NULL,NULL,NULL,NULL,NULL
94509,Antioch,0.064324331,201608,Moderate_Incr,2016,NULL,NULL,NULL,NULL,NULL,NULL,NULL,NULL
94122,San Francisco,0.056709084,201608,Moderate_Incr,2016,NULL,NULL,NULL,NULL,NULL,NULL,NULL,NULL
94541,Hayward,0.104522456,201608,Huge_Incr,2016,NULL,NULL,NULL,NULL,NULL,NULL,NULL,NULL
94538,Fremont,0.09788024,201608,High_Incr,2016,NULL,NULL,NULL,NULL,NULL,NULL,NULL,NULL
94513,Brentwood,0.096073438,201608,High_Incr,2016,NULL,NULL,NULL,NULL,NULL,NULL,NULL,NULL
94587,Union City,0.07773994,201608,High_Incr,2016,NULL,NULL,NULL,NULL,NULL,NULL,NULL,NULL
94080,South San Francisco,0.063141563,201608,Moderate_Incr,2016,NULL,NULL,NULL,NULL,NULL,NULL,NULL,NULL
94112,San Francisco,0.018538891,201608,Stable_Incr,2016,NULL,NULL,NULL,NULL,NULL,NULL,NULL,NULL
94087,Sunnyvale,0.025765885,201608,Stable_Incr,2016,NULL,NULL,NULL,NULL,NULL,NULL,NULL,NULL
94086,Sunnyvale,0.065691739,201608,Moderate_Incr,2016,NULL,NULL,NULL,NULL,NULL,NULL,NULL,NULL
94806,San Pablo,0.088368077,201608,High_Incr,2016,NULL,NULL,NULL,NULL,NULL,NULL,NULL,NULL
94591,Vallejo,0.11447997,201608,Huge_Incr,2016,NULL,NULL,NULL,NULL,NULL,NULL,NULL,NULL
94553,Martinez,0.133513189,201608,Huge_Incr,2016,NULL,NULL,NULL,NULL,NULL,NULL,NULL,NULL
94015,Daly City,0.080589564,201608,High_Incr,2016,NULL,NULL,NULL,NULL,NULL,NULL,NULL,NULL
94115,San Francisco,-0.002994215,201608,Small_Decr,2016,NULL,NULL,NULL,NULL,NULL,NULL,NULL,NULL
94117,San Francisco,0.011220398,201608,Stable_Incr,2016,NULL,NULL,NULL,NULL,NULL,NULL,NULL,NULL
94102,San Francisco,-0.008831459,201608,Small_Decr,2016,NULL,NULL,NULL,NULL,NULL,NULL,NULL,NULL
94121,San Francisco,0.047128434,201608,Small_Incr,2016,NULL,NULL,NULL,NULL,NULL,NULL,NULL,NULL
94611,Oakland,0.143159819,201608,Huge_Incr,2016,NULL,NULL,NULL,NULL,NULL,NULL,NULL,NULL
94550,Livermore,0.054554138,201608,Moderate_Incr,2016,NULL,NULL,NULL,NULL,NULL,NULL,NULL,NULL
94577,San Leandro,0.114644894,201608,Huge_Incr,2016,NULL,NULL,NULL,NULL,NULL,NULL,NULL,NULL
94118,San Francisco,0.031671754,201608,Small_Incr,2016,NULL,NULL,NULL,NULL,NULL,NULL,NULL,NULL
94546,Castro Valley,0.097676463,201608,High_Incr,2016,NULL,NULL,NULL,NULL,NULL,NULL,NULL,NULL
94403,San Mateo,0.061257201,201608,Moderate_Incr,2016,NULL,NULL,NULL,NULL,NULL,NULL,NULL,NULL
94103,San Francisco,-0.017139024,201608,Small_Decr,2016,NULL,NULL,NULL,NULL,NULL,NULL,NULL,NULL
94590,Vallejo,0.160276961,201608,Huge_Incr,2016,NULL,NULL,NULL,NULL,NULL,NULL,NULL,NULL
94114,San Francisco,0.021377144,201608,Stable_Incr,2016,NULL,NULL,NULL,NULL,NULL,NULL,NULL,NULL
94107,San Francisco,0.01441416,201608,Stable_Incr,2016,NULL,NULL,NULL,NULL,NULL,NULL,NULL,NULL
94539,Fremont,0.08930443,201608,High_Incr,2016,NULL,NULL,NULL,NULL,NULL,NULL,NULL,NULL
94010,Burlingame,0.079858939,201608,High_Incr,2016,NULL,NULL,NULL,NULL,NULL,NULL,NULL,NULL
94566,Pleasanton,0.072096823,201608,High_Incr,2016,NULL,NULL,NULL,NULL,NULL,NULL,NULL,NULL
94605,Oakland,0.11981098,201608,Huge_Incr,2016,NULL,NULL,NULL,NULL,NULL,NULL,NULL,NULL
94066,San Bruno,0.075463511,201608,High_Incr,2016,NULL,NULL,NULL,NULL,NULL,NULL,NULL,NULL
94601,Oakland,0.172510115,201608,Huge_Incr,2016,NULL,NULL,NULL,NULL,NULL,NULL,NULL,NULL
94610,Oakland,0.235791403,201608,Huge_Incr,2016,NULL,NULL,NULL,NULL,NULL,NULL,NULL,NULL
94025,Menlo Park,0.03241307,201608,Small_Incr,2016,NULL,NULL,NULL,NULL,NULL,NULL,NULL,NULL
95476,Sonoma,0.072857802,201608,High_Incr,2016,NULL,NULL,NULL,NULL,NULL,NULL,NULL,NULL
94901,San Rafael,0.046659019,201608,Small_Incr,2016,NULL,NULL,NULL,NULL,NULL,NULL,NULL,NULL
94606,Oakland,0.163156327,201608,Huge_Incr,2016,NULL,NULL,NULL,NULL,NULL,NULL,NULL,NULL
94040,Mountain View,0.029147192,201608,Stable_Incr,2016,NULL,NULL,NULL,NULL,NULL,NULL,NULL,NULL
94608,Oakland,0.151073824,201608,Huge_Incr,2016,NULL,NULL,NULL,NULL,NULL,NULL,NULL,NULL
94404,Foster City,0.052925138,201608,Moderate_Incr,2016,NULL,NULL,NULL,NULL,NULL,NULL,NULL,NULL
94116,San Francisco,0.056843989,201608,Moderate_Incr,2016,NULL,NULL,NULL,NULL,NULL,NULL,NULL,NULL
94804,Richmond,0.152638627,201608,Huge_Incr,2016,NULL,NULL,NULL,NULL,NULL,NULL,NULL,NULL
94560,Newark,0.098622187,201608,High_Incr,2016,NULL,NULL,NULL,NULL,NULL,NULL,NULL,NULL
94578,San Leandro,0.105243733,201608,Huge_Incr,2016,NULL,NULL,NULL,NULL,NULL,NULL,NULL,NULL
94044,Pacifica,0.065776215,201608,Moderate_Incr,2016,NULL,NULL,NULL,NULL,NULL,NULL,NULL,NULL
94123,San Francisco,0.006515785,201608,Stable_Incr,2016,NULL,NULL,NULL,NULL,NULL,NULL,NULL,NULL
94523,Pleasant Hill,0.092147307,201608,High_Incr,2016,NULL,NULL,NULL,NULL,NULL,NULL,NULL,NULL
94303,Palo Alto,0.01957427,201608,Stable_Incr,2016,NULL,NULL,NULL,NULL,NULL,NULL,NULL,NULL
94583,San Ramon,0.055305492,201608,Moderate_Incr,2016,NULL,NULL,NULL,NULL,NULL,NULL,NULL,NULL
94954,Petaluma,0.081423228,201608,High_Incr,2016,NULL,NULL,NULL,NULL,NULL,NULL,NULL,NULL
94531,Antioch,0.049522813,201608,Small_Incr,2016,NULL,NULL,NULL,NULL,NULL,NULL,NULL,NULL
94561,Oakley,0.102083705,201608,Huge_Incr,2016,NULL,NULL,NULL,NULL,NULL,NULL,NULL,NULL
95134,San Jose,0.083063053,201608,High_Incr,2016,NULL,NULL,NULL,NULL,NULL,NULL,NULL,NULL
94061,Redwood City,0.068413736,201608,Moderate_Incr,2016,NULL,NULL,NULL,NULL,NULL,NULL,NULL,NULL
94401,San Mateo,0.04546147,201608,Small_Incr,2016,NULL,NULL,NULL,NULL,NULL,NULL,NULL,NULL
94043,Mountain View,0.071967348,201608,High_Incr,2016,NULL,NULL,NULL,NULL,NULL,NULL,NULL,NULL
94131,San Francisco,0.029950944,201608,Stable_Incr,2016,NULL,NULL,NULL,NULL,NULL,NULL,NULL,NULL
94014,Daly City,0.07808157,201608,High_Incr,2016,NULL,NULL,NULL,NULL,NULL,NULL,NULL,NULL
94520,Concord,0.049054459,201608,Small_Incr,2016,NULL,NULL,NULL,NULL,NULL,NULL,NULL,NULL
94133,San Francisco,-0.004177778,201608,Small_Decr,2016,NULL,NULL,NULL,NULL,NULL,NULL,NULL,NULL
94941,Mill Valley,0.0201323,201608,Stable_Incr,2016,NULL,NULL,NULL,NULL,NULL,NULL,NULL,NULL
94526,Danville,0.080579384,201608,High_Incr,2016,NULL,NULL,NULL,NULL,NULL,NULL,NULL,NULL
94588,Pleasanton,0.068617885,201608,Moderate_Incr,2016,NULL,NULL,NULL,NULL,NULL,NULL,NULL,NULL
94070,San Carlos,0.042687241,201608,Small_Incr,2016,NULL,NULL,NULL,NULL,NULL,NULL,NULL,NULL
94903,San Rafael,0.04637693,201608,Small_Incr,2016,NULL,NULL,NULL,NULL,NULL,NULL,NULL,NULL
94602,Oakland,0.086915478,201608,High_Incr,2016,NULL,NULL,NULL,NULL,NULL,NULL,NULL,NULL
94063,Redwood City,0.061626005,201608,Moderate_Incr,2016,NULL,NULL,NULL,NULL,NULL,NULL,NULL,NULL
94306,Palo Alto,0.007743086,201608,Stable_Incr,2016,NULL,NULL,NULL,NULL,NULL,NULL,NULL,NULL
94510,Benicia,0.085856657,201608,High_Incr,2016,NULL,NULL,NULL,NULL,NULL,NULL,NULL,NULL
94607,Oakland,0.182255454,201608,Huge_Incr,2016,NULL,NULL,NULL,NULL,NULL,NULL,NULL,NULL
94555,Fremont,0.096277703,201608,High_Incr,2016,NULL,NULL,NULL,NULL,NULL,NULL,NULL,NULL
94134,San Francisco,0.002036176,201608,Stable_Incr,2016,NULL,NULL,NULL,NULL,NULL,NULL,NULL,NULL
94530,El Cerrito,0.121392777,201608,Huge_Incr,2016,NULL,NULL,NULL,NULL,NULL,NULL,NULL,NULL
94549,Lafayette,0.117851436,201608,Huge_Incr,2016,NULL,NULL,NULL,NULL,NULL,NULL,NULL,NULL
94002,Belmont,0.045948918,201608,Small_Incr,2016,NULL,NULL,NULL,NULL,NULL,NULL,NULL,NULL
94596,Walnut Creek,0.106677017,201608,Huge_Incr,2016,NULL,NULL,NULL,NULL,NULL,NULL,NULL,NULL
94559,Napa,0.066238598,201608,Moderate_Incr,2016,NULL,NULL,NULL,NULL,NULL,NULL,NULL,NULL
94124,San Francisco,0.050174392,201608,Moderate_Incr,2016,NULL,NULL,NULL,NULL,NULL,NULL,NULL,NULL
94132,San Francisco,0.048276462,201608,Small_Incr,2016,NULL,NULL,NULL,NULL,NULL,NULL,NULL,NULL
94598,Walnut Creek,0.078112684,201608,High_Incr,2016,NULL,NULL,NULL,NULL,NULL,NULL,NULL,NULL
94609,Oakland,0.112789816,201608,Huge_Incr,2016,NULL,NULL,NULL,NULL,NULL,NULL,NULL,NULL
94402,San Mateo,0.034833103,201608,Small_Incr,2016,NULL,NULL,NULL,NULL,NULL,NULL,NULL,NULL
94545,Hayward,0.126363579,201608,Huge_Incr,2016,NULL,NULL,NULL,NULL,NULL,NULL,NULL,NULL
94062,Redwood City,0.038026297,201608,Small_Incr,2016,NULL,NULL,NULL,NULL,NULL,NULL,NULL,NULL
94585,Suisun City,0.130374367,201608,Huge_Incr,2016,NULL,NULL,NULL,NULL,NULL,NULL,NULL,NULL
94518,Concord,0.068386657,201608,Moderate_Incr,2016,NULL,NULL,NULL,NULL,NULL,NULL,NULL,NULL
94595,Walnut Creek,0.091328426,201608,High_Incr,2016,NULL,NULL,NULL,NULL,NULL,NULL,NULL,NULL
94603,Oakland,0.172793264,201608,Huge_Incr,2016,NULL,NULL,NULL,NULL,NULL,NULL,NULL,NULL
94619,Oakland,0.114925822,201608,Huge_Incr,2016,NULL,NULL,NULL,NULL,NULL,NULL,NULL,NULL
94801,Richmond,0.195946105,201608,Huge_Incr,2016,NULL,NULL,NULL,NULL,NULL,NULL,NULL,NULL
94612,Oakland,0.194465265,201608,Huge_Incr,2016,NULL,NULL,NULL,NULL,NULL,NULL,NULL,NULL
94589,Vallejo,0.132606242,201608,Huge_Incr,2016,NULL,NULL,NULL,NULL,NULL,NULL,NULL,NULL
94621,Oakland,0.174228111,201608,Huge_Incr,2016,NULL,NULL,NULL,NULL,NULL,NULL,NULL,NULL
94580,San Lorenzo,0.118797303,201608,Huge_Incr,2016,NULL,NULL,NULL,NULL,NULL,NULL,NULL,NULL
94704,Berkeley,0.142499895,201608,Huge_Incr,2016,NULL,NULL,NULL,NULL,NULL,NULL,NULL,NULL
94947,Novato,0.032803162,201608,Small_Incr,2016,NULL,NULL,NULL,NULL,NULL,NULL,NULL,NULL
94803,El Sobrante,0.116057618,201608,Huge_Incr,2016,NULL,NULL,NULL,NULL,NULL,NULL,NULL,NULL
94030,Millbrae,0.048852128,201608,Small_Incr,2016,NULL,NULL,NULL,NULL,NULL,NULL,NULL,NULL
94085,Sunnyvale,0.096770325,201608,High_Incr,2016,NULL,NULL,NULL,NULL,NULL,NULL,NULL,NULL
94703,Berkeley,0.112200424,201608,Huge_Incr,2016,NULL,NULL,NULL,NULL,NULL,NULL,NULL,NULL
94547,Hercules,0.029020711,201608,Stable_Incr,2016,NULL,NULL,NULL,NULL,NULL,NULL,NULL,NULL
94089,Sunnyvale,0.106618402,201608,Huge_Incr,2016,NULL,NULL,NULL,NULL,NULL,NULL,NULL,NULL
94506,Danville,-0.0114224,201608,Small_Decr,2016,NULL,NULL,NULL,NULL,NULL,NULL,NULL,NULL
94706,Albany,0.066407307,201608,Moderate_Incr,2016,NULL,NULL,NULL,NULL,NULL,NULL,NULL,NULL
94024,Los Altos,0.041519774,201608,Small_Incr,2016,NULL,NULL,NULL,NULL,NULL,NULL,NULL,NULL
94105,San Francisco,-0.022945432,201608,Small_Decr,2016,NULL,NULL,NULL,NULL,NULL,NULL,NULL,NULL
94702,Berkeley,0.121239464,201608,Huge_Incr,2016,NULL,NULL,NULL,NULL,NULL,NULL,NULL,NULL
94301,Palo Alto,0.087480229,201608,High_Incr,2016,NULL,NULL,NULL,NULL,NULL,NULL,NULL,NULL
94127,San Francisco,0.025342896,201608,Stable_Incr,2016,NULL,NULL,NULL,NULL,NULL,NULL,NULL,NULL
95620,Dixon,0.092823722,201608,High_Incr,2016,NULL,NULL,NULL,NULL,NULL,NULL,NULL,NULL
94022,Los Altos,0.017319898,201608,Stable_Incr,2016,NULL,NULL,NULL,NULL,NULL,NULL,NULL,NULL
94618,Oakland,0.131832741,201608,Huge_Incr,2016,NULL,NULL,NULL,NULL,NULL,NULL,NULL,NULL
94563,Orinda,0.017926048,201608,Stable_Incr,2016,NULL,NULL,NULL,NULL,NULL,NULL,NULL,NULL
94108,San Francisco,0.01857457,201608,Stable_Incr,2016,NULL,NULL,NULL,NULL,NULL,NULL,NULL,NULL
94564,Pinole,0.042312169,201608,Small_Incr,2016,NULL,NULL,NULL,NULL,NULL,NULL,NULL,NULL
94949,Novato,0.032759888,201608,Small_Incr,2016,NULL,NULL,NULL,NULL,NULL,NULL,NULL,NULL
94579,San Leandro,0.105296917,201608,Huge_Incr,2016,NULL,NULL,NULL,NULL,NULL,NULL,NULL,NULL
94945,Novato,0.039940969,201608,Small_Incr,2016,NULL,NULL,NULL,NULL,NULL,NULL,NULL,NULL
94019,Half Moon Bay,0.066878628,201608,Moderate_Incr,2016,NULL,NULL,NULL,NULL,NULL,NULL,NULL,NULL
94705,Berkeley,0.112689837,201608,Huge_Incr,2016,NULL,NULL,NULL,NULL,NULL,NULL,NULL,NULL
94503,American Canyon,0.058590169,201608,Moderate_Incr,2016,NULL,NULL,NULL,NULL,NULL,NULL,NULL,NULL
94960,San Anselmo,0.065593542,201608,Moderate_Incr,2016,NULL,NULL,NULL,NULL,NULL,NULL,NULL,NULL
94920,Tiburon,0.062092161,201608,Moderate_Incr,2016,NULL,NULL,NULL,NULL,NULL,NULL,NULL,NULL
94965,Sausalito,0.075388966,201608,High_Incr,2016,NULL,NULL,NULL,NULL,NULL,NULL,NULL,NULL
94507,Alamo,0.009319247,201608,Stable_Incr,2016,NULL,NULL,NULL,NULL,NULL,NULL,NULL,NULL
94556,Moraga,0.035141785,201608,Small_Incr,2016,NULL,NULL,NULL,NULL,NULL,NULL,NULL,NULL
94709,Berkeley,0.127030127,201608,Huge_Incr,2016,NULL,NULL,NULL,NULL,NULL,NULL,NULL,NULL
94571,Rio Vista,0.091474636,201608,High_Incr,2016,NULL,NULL,NULL,NULL,NULL,NULL,NULL,NULL
94805,Richmond,0.070025239,201608,High_Incr,2016,NULL,NULL,NULL,NULL,NULL,NULL,NULL,NULL
94707,Berkeley,0.116967143,201608,Huge_Incr,2016,NULL,NULL,NULL,NULL,NULL,NULL,NULL,NULL
94904,Kentfield,0.028363414,201608,Stable_Incr,2016,NULL,NULL,NULL,NULL,NULL,NULL,NULL,NULL
94502,Alameda,0.090676733,201608,High_Incr,2016,NULL,NULL,NULL,NULL,NULL,NULL,NULL,NULL
94542,Hayward,0.091568316,201608,High_Incr,2016,NULL,NULL,NULL,NULL,NULL,NULL,NULL,NULL
94517,Clayton,0.026276706,201608,Stable_Incr,2016,NULL,NULL,NULL,NULL,NULL,NULL,NULL,NULL
94065,Redwood City,0.06598752,201608,Moderate_Incr,2016,NULL,NULL,NULL,NULL,NULL,NULL,NULL,NULL
94552,Castro Valley,0.072998165,201608,High_Incr,2016,NULL,NULL,NULL,NULL,NULL,NULL,NULL,NULL
94708,Berkeley,0.130166047,201608,Huge_Incr,2016,NULL,NULL,NULL,NULL,NULL,NULL,NULL,NULL
94305,Stanford,0.036711847,201608,Small_Incr,2016,NULL,NULL,NULL,NULL,NULL,NULL,NULL,NULL
94925,Corte Madera,0.058619423,201608,Moderate_Incr,2016,NULL,NULL,NULL,NULL,NULL,NULL,NULL,NULL
94930,Fairfax,0.011556811,201608,Stable_Incr,2016,NULL,NULL,NULL,NULL,NULL,NULL,NULL,NULL
94939,Larkspur,0.05940901,201608,Moderate_Incr,2016,NULL,NULL,NULL,NULL,NULL,NULL,NULL,NULL
94710,Berkeley,0.086032227,201608,High_Incr,2016,NULL,NULL,NULL,NULL,NULL,NULL,NULL,NULL
94572,Rodeo,0.021499885,201608,Stable_Incr,2016,NULL,NULL,NULL,NULL,NULL,NULL,NULL,NULL
94028,Portola Valley,0.074792552,201608,High_Incr,2016,NULL,NULL,NULL,NULL,NULL,NULL,NULL,NULL
94304,Palo Alto,-0.029494958,201608,Small_Decr,2016,NULL,NULL,NULL,NULL,NULL,NULL,NULL,NULL
94027,Atherton,0.067118214,201608,Moderate_Incr,2016,NULL,NULL,NULL,NULL,NULL,NULL,NULL,NULL
94111,San Francisco,-0.015317517,201608,Small_Decr,2016,NULL,NULL,NULL,NULL,NULL,NULL,NULL,NULL
94038,Moss Beach,0.084738461,201608,High_Incr,2016,NULL,NULL,NULL,NULL,NULL,NULL,NULL,NULL
94005,Brisbane,0.086953424,201608,High_Incr,2016,NULL,NULL,NULL,NULL,NULL,NULL,NULL,NULL
94535,Fairfield,0.101192214,201608,Huge_Incr,2016,NULL,NULL,NULL,NULL,NULL,NULL,NULL,NULL
94525,Crockett,0.067374923,201608,Moderate_Incr,2016,NULL,NULL,NULL,NULL,NULL,NULL,NULL,NULL
95002,San Jose,0.041968637,201608,Small_Incr,2016,NULL,NULL,NULL,NULL,NULL,NULL,NULL,NULL
94973,Woodacre,-0.01414476,201608,Small_Decr,2016,NULL,NULL,NULL,NULL,NULL,NULL,NULL,NULL
94586,Sunol,0.088277183,201608,High_Incr,2016,NULL,NULL,NULL,NULL,NULL,NULL,NULL,NULL
94933,Lagunitas,0.053223387,201608,Moderate_Incr,2016,NULL,NULL,NULL,NULL,NULL,NULL,NULL,NULL
94104,San Francisco,0.015822411,201608,Stable_Incr,2016,NULL,NULL,NULL,NULL,NULL,NULL,NULL,NULL
94528,Diablo,0.018912569,201608,Stable_Incr,2016,NULL,NULL,NULL,NULL,NULL,NULL,NULL,NULL
94970,Stinson Beach,0.155613249,201608,Huge_Incr,2016,NULL,NULL,NULL,NULL,NULL,NULL,NULL,NULL
94514,Byron,-0.004188582,201608,Small_Decr,2016,NULL,NULL,NULL,NULL,NULL,NULL,NULL,NULL
94963,San Geronimo,0.055383796,201608,Moderate_Incr,2016,NULL,NULL,NULL,NULL,NULL,NULL,NULL,NULL
94938,Lagunitas,0.045811725,201608,Small_Incr,2016,NULL,NULL,NULL,NULL,NULL,NULL,NULL,NULL
94946,Nicasio,0.127626383,201608,Huge_Incr,2016,NULL,NULL,NULL,NULL,NULL,NULL,NULL,NULL
94592,Vallejo,0.150236495,201608,Huge_Incr,2016,NULL,NULL,NULL,NULL,NULL,NULL,NULL,NULL
94964,San Quentin,-0.065012245,201608,Moderate_Decr,2016,NULL,NULL,NULL,NULL,NULL,NULL,NULL,NULL
95140,East Foothills,0.009984602,201608,Stable_Incr,2016,NULL,NULL,NULL,NULL,NULL,NULL,NULL,NULL
94512,Birds Landing,0.051126541,201608,Moderate_Incr,2016,NULL,NULL,NULL,NULL,NULL,NULL,NULL,NULL
NULL,NULL,NULL,NULL,NULL,NULL,201707,94519,"concord, ca",-0.1538,-0.1667,0,-0.0664,2017
NULL,NULL,NULL,NULL,NULL,NULL,201707,94521,"concord, ca",-0.0857,-0.2903,0.2143,-0.0259,2017
NULL,NULL,NULL,NULL,NULL,NULL,202007,94521,"concord, ca",-0.5357,-0.3284,-0.25,1.1484,2020
NULL,NULL,NULL,NULL,NULL,NULL,202007,94519,"concord, ca",0.2778,-0.2807,-0.1429,0.07,2020
NULL,NULL,NULL,NULL,NULL,NULL,201907,94519,"concord, ca",-0.28,0.0962,0.4,0.3178,2019
NULL,NULL,NULL,NULL,NULL,NULL,201807,94519,"concord, ca",0.1364,0.3,-0.1667,-0.3582,2018
NULL,NULL,NULL,NULL,NULL,NULL,201907,94521,"concord, ca",0.012,0.4565,-0.1579,0.1816,2019
NULL,NULL,NULL,NULL,NULL,NULL,201807,94521,"concord, ca",0.2969,0.0455,0.1176,-0.2843,2018
